Rule ID,Category,Subcategory,Conditions,Department,Supporting,Urgency,Impact,Priority,Policy,Escalation,Required actions,Prohibited actions,Follow-up,Status
RES-ACC-LGN-01,Account,Login Problem,always,DEPT-SEC,,Medium,Medium,P2,SEC-POL-09:7.1; SEC-POL-09:7.2; SEC-POL-09:6,No Escalation,"VERIFY_IDENTITY, GUIDE_PASSWORD_RESET",REQUEST_SENSITIVE_CREDENTIALS,Resolution confirmation (48h),active
RES-ACC-LGN-02,Account,Login Problem,signal:security_breach,DEPT-SEC,,Critical,High,P0,SEC-POL-09:4.1; SEC-POL-09:4.3,Specialist Team,"VERIFY_IDENTITY, REVIEW_ACCOUNT_ACTIVITY, REVOKE_SESSIONS, FORCE_PASSWORD_RESET",REQUEST_SENSITIVE_CREDENTIALS,Escalation acknowledgement (1h),active
RES-ACC-LGN-03,Account,Login Problem,text matches /\b(old|previous|former)\s+email\b|\bno\s+longer\s+(have|use)\s+(access\s+to\s+)?(that|the|my)\s+email\b/,DEPT-SEC,,Medium,Medium,P2,SEC-POL-09:6; SEC-POL-09:7.2,No Escalation,"VERIFY_IDENTITY, UPDATE_ACCOUNT_DETAILS, GUIDE_PASSWORD_RESET",REQUEST_SENSITIVE_CREDENTIALS,Resolution confirmation (48h),active
RES-ACC-UNA-01,Account,Unauthorized Account Access,always,DEPT-SEC,,Critical,High,P0,SEC-POL-09:4.1; SEC-POL-09:4.2; SEC-POL-09:4.3; ESC-SOP-12:4.2,Specialist Team,"VERIFY_IDENTITY, LOCK_ACCOUNT, REVOKE_SESSIONS, FORCE_PASSWORD_RESET, REVIEW_ACCOUNT_ACTIVITY, ESCALATE_SPECIALIST_TEAM",REQUEST_SENSITIVE_CREDENTIALS,Escalation acknowledgement (1h),active
RES-ACC-UNA-02,Account,Unauthorized Account Access,"text matches /\b(orders?|purchases?|bought|charged)\b.{0,40}\b(did\s+not|didn't|never)\s+(place|make|order|buy|authori[sz]e)\b|\bunauthori[sz]ed\s+(orders?|purchases?|charges?)\b/",DEPT-SEC,DEPT-BIL,Critical,High,P0,SEC-POL-09:4.1; SEC-POL-09:4.4,Specialist Team,"VERIFY_IDENTITY, LOCK_ACCOUNT, REVOKE_SESSIONS, REVIEW_ACCOUNT_ACTIVITY, ESCALATE_SPECIALIST_TEAM","REQUEST_SENSITIVE_CREDENTIALS, PROMISE_REFUND_BEFORE_VERIFICATION",Escalation acknowledgement (1h),active
RES-ACC-UNA-03,Account,Unauthorized Account Access,signal:lock_security,DEPT-SEC,DEPT-MGT,Critical,High,P0,SEC-POL-09:5.1; SEC-POL-09:5.2; SEC-POL-09:5.3,Critical Management Escalation,"VERIFY_IDENTITY, ADVISE_PHYSICAL_KEY, REVIEW_ACCOUNT_ACTIVITY, REVOKE_SESSIONS, ESCALATE_CRITICAL_MANAGEMENT","REQUEST_SENSITIVE_CREDENTIALS, DISMISS_SAFETY_CONCERN",Escalation acknowledgement (1h),active
RES-ACC-UPD-01,Account,Account Update Issue,always,DEPT-TEC,,Low,Low,P3,SEC-POL-09:6,No Escalation,"VERIFY_IDENTITY, UPDATE_ACCOUNT_DETAILS",REQUEST_SENSITIVE_CREDENTIALS,Resolution confirmation (48h),active
RES-ACC-UPD-02,Account,Account Update Issue,(order.dispatched = True) AND (text matches /\baddress\b/),DEPT-TEC,DEPT-LOG,Medium,Low,P3,DEL-POL-04:4.2,No Escalation,"VERIFY_ORDER, VERIFY_SHIPMENT_STATUS","UNSUPPORTED_DELIVERY_DEADLINE, REQUEST_SENSITIVE_CREDENTIALS",Resolution confirmation (48h),active
RES-BIL-CAN-01,Billing,Cancellation Not Honored,always,DEPT-BIL,,Medium,Medium,P2,CAN-POL-06:5.1,No Escalation,"VERIFY_CANCELLATION_RECORD, CHECK_TRANSACTION",PROMISE_REFUND_BEFORE_VERIFICATION,Refund-status update (120h),active
RES-BIL-CAN-02,Billing,Cancellation Not Honored,(order.cancellation_confirmed = True) AND (order.charged_after_cancellation = True),DEPT-BIL,,Medium,Medium,P2,CAN-POL-06:5.1,No Escalation,"VERIFY_CANCELLATION_RECORD, REFUND_POST_CANCELLATION_CHARGE",GUARANTEE_COMPENSATION,Refund-status update (120h),active
RES-BIL-CAN-03,Billing,Cancellation Not Honored,order.cancellation_confirmed = False,DEPT-BIL,,Medium,Medium,P2,CAN-POL-06:5.1; CAN-POL-06:4.1,No Escalation,"VERIFY_CANCELLATION_RECORD, REQUEST_ADDITIONAL_INFO","PROMISE_REFUND_BEFORE_VERIFICATION, REFUND_POST_CANCELLATION_CHARGE",Request for additional information (24h),active
RES-BIL-CAN-04,Billing,Cancellation Not Honored,(order.dispatched = False) AND (order.exists = True),DEPT-BIL,,Medium,Low,P3,CAN-POL-06:3.1,No Escalation,"VERIFY_ORDER, CANCEL_ORDER",GUARANTEE_COMPENSATION,Refund-status update (120h),active
RES-BIL-DUP-01,Billing,Duplicate Charge,always,DEPT-BIL,,High,Medium,P2,BIL-POL-05:4.1,No Escalation,CHECK_TRANSACTION,"PROMISE_REFUND_BEFORE_VERIFICATION, REQUEST_SENSITIVE_CREDENTIALS",Refund-status update (48h),active
RES-BIL-DUP-02,Billing,Duplicate Charge,order.duplicate_charge_verified = True,DEPT-BIL,,High,Medium,P2,BIL-POL-05:4.1,No Escalation,"CHECK_TRANSACTION, REVERSE_DUPLICATE_CHARGE","REQUEST_SENSITIVE_CREDENTIALS, GUARANTEE_COMPENSATION",Refund-status update (48h),active
RES-BIL-DUP-03,Billing,Duplicate Charge,order.duplicate_charge_verified = False,DEPT-BIL,,Medium,Medium,P2,BIL-POL-05:4.1,No Escalation,"CHECK_TRANSACTION, REQUEST_ADDITIONAL_INFO","PROMISE_REFUND_BEFORE_VERIFICATION, REVERSE_DUPLICATE_CHARGE",Request for additional information (24h),active
RES-BIL-DUP-04,Billing,Duplicate Charge,eligibility.within_dispute_window = False,DEPT-BIL,,Medium,Medium,P2,BIL-POL-05:4.3,Supervisor Review,"CHECK_TRANSACTION, ESCALATE_SUPERVISOR","PROMISE_REFUND_BEFORE_VERIFICATION, GRANT_POLICY_EXCEPTION",Resolution confirmation (120h),active
RES-BIL-INC-01,Billing,Incorrect Charge,always,DEPT-BIL,,Medium,Medium,P2,BIL-POL-05:4.2,No Escalation,CHECK_TRANSACTION,"PROMISE_REFUND_BEFORE_VERIFICATION, REQUEST_SENSITIVE_CREDENTIALS",Resolution confirmation (120h),active
RES-BIL-INC-02,Billing,Incorrect Charge,order.overcharge_verified = True,DEPT-BIL,,Medium,Medium,P2,BIL-POL-05:4.2,No Escalation,"CHECK_TRANSACTION, CORRECT_BILLING_ERROR",GUARANTEE_COMPENSATION,Refund-status update (120h),active
RES-BIL-INC-03,Billing,Incorrect Charge,eligibility.within_dispute_window = False,DEPT-BIL,,Medium,Medium,P2,BIL-POL-05:4.3,Supervisor Review,"CHECK_TRANSACTION, ESCALATE_SUPERVISOR","PROMISE_REFUND_BEFORE_VERIFICATION, GRANT_POLICY_EXCEPTION",Resolution confirmation (120h),active
RES-BIL-RFM-01,Billing,Refund Missing,always,DEPT-BIL,DEPT-RET,Medium,Medium,P2,REF-POL-02:4.4; BIL-POL-05:6.1,No Escalation,CHECK_REFUND_STATUS,"PROMISE_REFUND_BEFORE_VERIFICATION, REQUEST_SENSITIVE_CREDENTIALS",Refund-status update (72h),active
RES-BIL-RFM-02,Billing,Refund Missing,eligibility.refund_trace_due = True,DEPT-BIL,DEPT-RET,Medium,Medium,P2,BIL-POL-05:6.1; BIL-POL-05:6.2; REF-POL-02:5.2,No Escalation,"CHECK_REFUND_STATUS, OPEN_PAYMENT_TRACE","REQUEST_SENSITIVE_CREDENTIALS, GUARANTEE_COMPENSATION",Refund-status update (72h),active
RES-BIL-RFM-03,Billing,Refund Missing,eligibility.refund_trace_due = False,DEPT-BIL,DEPT-RET,Low,Medium,P3,REF-POL-02:4.4,No Escalation,CHECK_REFUND_STATUS,"OPEN_PAYMENT_TRACE, GUARANTEE_COMPENSATION",Refund-status update (120h),active
RES-BIL-SUB-01,Billing,Subscription Renewal,always,DEPT-BIL,,Medium,Low,P3,SUB-POL-22:4.1; CAN-POL-06:4.3,No Escalation,"CHECK_TRANSACTION, VERIFY_ACCOUNT",PROMISE_REFUND_BEFORE_VERIFICATION,Resolution confirmation (72h),active
RES-BIL-SUB-02,Billing,Subscription Renewal,eligibility.within_cooling_off = True,DEPT-BIL,,Medium,Low,P3,CAN-POL-06:4.3; SUB-POL-22:5,No Escalation,"CHECK_TRANSACTION, CANCEL_SUBSCRIPTION, PROCESS_REFUND",GUARANTEE_COMPENSATION,Refund-status update (120h),active
RES-BIL-SUB-03,Billing,Subscription Renewal,eligibility.within_cooling_off = False,DEPT-BIL,,Medium,Low,P3,CAN-POL-06:4.3; SUB-POL-22:4.2,No Escalation,"CHECK_TRANSACTION, CANCEL_SUBSCRIPTION","PROMISE_REFUND_BEFORE_VERIFICATION, GRANT_POLICY_EXCEPTION, PROCESS_REFUND",none,active
RES-BIL-SUB-04,Billing,Subscription Renewal,order.billing_period = monthly,DEPT-BIL,,Low,Low,P3,CAN-POL-06:4.1; CAN-POL-06:4.2,No Escalation,"CHECK_TRANSACTION, CANCEL_SUBSCRIPTION","PROMISE_REFUND_BEFORE_VERIFICATION, PROCESS_REFUND",none,active
RES-DEL-DLY-01,Delivery,Delayed Delivery,always,DEPT-LOG,,High,Medium,P2,DEL-POL-04:5.1,No Escalation,"VERIFY_SHIPMENT_STATUS, CONTACT_CARRIER","UNSUPPORTED_DELIVERY_DEADLINE, GUARANTEE_COMPENSATION, OFFER_STORE_CREDIT",Resolution confirmation (72h),active
RES-DEL-DLY-02,Delivery,Delayed Delivery,eligibility.delay_qualifies = True,DEPT-LOG,,High,Medium,P2,DEL-POL-04:5.1; DEL-POL-04:5.2; CPN-POL-11:6,No Escalation,"VERIFY_SHIPMENT_STATUS, CONTACT_CARRIER, OFFER_STORE_CREDIT","UNSUPPORTED_DELIVERY_DEADLINE, GUARANTEE_COMPENSATION",Resolution confirmation (72h),active
RES-DEL-DLY-03,Delivery,Delayed Delivery,(order.shipping_method = express) AND (order.business_days_late > 0),DEPT-LOG,,High,Medium,P2,DEL-POL-04:5.3; CPN-POL-11:6,No Escalation,"VERIFY_SHIPMENT_STATUS, REFUND_SHIPPING_FEE","UNSUPPORTED_DELIVERY_DEADLINE, GUARANTEE_COMPENSATION",Resolution confirmation (72h),active
RES-DEL-DLY-04,Delivery,Delayed Delivery,order.business_days_late > $param:lost_to_delay_threshold_business_days,DEPT-LOG,,High,Medium,P2,DEL-POL-04:5.4; DEL-POL-04:6.1; DEL-POL-04:6.2,No Escalation,"VERIFY_SHIPMENT_STATUS, INITIATE_CARRIER_TRACE","UNSUPPORTED_DELIVERY_DEADLINE, GUARANTEE_COMPENSATION, PROMISE_REFUND_BEFORE_VERIFICATION",Resolution confirmation (120h),active
RES-DEL-DLY-05,Delivery,Delayed Delivery,"any signal of customer_address_error, force_majeure",DEPT-LOG,,Medium,Low,P3,DEL-POL-04:5.2; CPN-POL-11:7,No Escalation,"VERIFY_SHIPMENT_STATUS, CONTACT_CARRIER","UNSUPPORTED_DELIVERY_DEADLINE, GUARANTEE_COMPENSATION, OFFER_STORE_CREDIT",Resolution confirmation (72h),active
RES-DEL-LST-01,Delivery,Lost Package,always,DEPT-LOG,,High,Medium,P2,DEL-POL-04:6.1; DEL-POL-04:6.2,No Escalation,"VERIFY_SHIPMENT_STATUS, INITIATE_CARRIER_TRACE","PROMISE_REFUND_BEFORE_VERIFICATION, UNSUPPORTED_DELIVERY_DEADLINE",Resolution confirmation (120h),active
RES-DEL-LST-02,Delivery,Lost Package,order.trace_completed = True,DEPT-LOG,,High,Medium,P2,DEL-POL-04:6.2,No Escalation,"VERIFY_SHIPMENT_STATUS, RESHIP_ORDER or PROCESS_REFUND",GUARANTEE_COMPENSATION,Resolution confirmation (72h),active
RES-DEL-LST-03,Delivery,Lost Package,order.order_total >= $param:high_value_supervisor_usd,DEPT-LOG,,High,High,P1,DEL-POL-04:6.3; ESC-SOP-12:4.6,Supervisor Review,"VERIFY_SHIPMENT_STATUS, INITIATE_CARRIER_TRACE, ESCALATE_SUPERVISOR","PROMISE_REFUND_BEFORE_VERIFICATION, UNSUPPORTED_DELIVERY_DEADLINE",Resolution confirmation (120h),active
RES-DEL-WRG-01,Delivery,Wrong Item Delivered,always,DEPT-LOG,DEPT-RET,Medium,Medium,P2,RPL-POL-03:5.1,No Escalation,"VERIFY_ORDER, REQUEST_PHOTO_EVIDENCE",PROMISE_REFUND_BEFORE_VERIFICATION,Request for additional information (24h),active
RES-DEL-WRG-02,Delivery,Wrong Item Delivered,(order.exists = True) AND (order.delivered = True),DEPT-LOG,DEPT-RET,Medium,Medium,P2,RPL-POL-03:5.1,No Escalation,"VERIFY_ORDER, SHIP_CORRECT_ITEM, ISSUE_RETURN_LABEL",GUARANTEE_COMPENSATION,Replacement-status update (72h),active
RES-DEL-WRG-03,Delivery,Wrong Item Delivered,(order.delivered = True) AND (complaint.requested_resolution = refund),DEPT-LOG,DEPT-RET,Medium,Medium,P2,RPL-POL-03:5.1; REF-POL-02:6.2,No Escalation,"VERIFY_ORDER, ISSUE_RETURN_LABEL",GUARANTEE_COMPENSATION,Refund-status update (120h),active
RES-PRD-DOA-01,Product Defect,Damaged on Arrival,always,DEPT-RET,DEPT-LOG,Medium,Medium,P2,RPL-POL-03:3.1,No Escalation,"VERIFY_ORDER, REQUEST_PHOTO_EVIDENCE","PROMISE_REFUND_BEFORE_VERIFICATION, GUARANTEE_COMPENSATION",Request for additional information (24h),active
RES-PRD-DOA-02,Product Defect,Damaged on Arrival,(eligibility.within_doa_window = True) AND (complaint.has_photo_evidence = True),DEPT-RET,DEPT-LOG,Medium,Medium,P2,RPL-POL-03:3.1; RPL-POL-03:4.1; RPL-POL-03:4.2; REF-POL-02:6.2,No Escalation,"VERIFY_ORDER, SHIP_REPLACEMENT or PROCESS_REFUND, ISSUE_RETURN_LABEL",GUARANTEE_COMPENSATION,Replacement-status update (72h),active
RES-PRD-DOA-03,Product Defect,Damaged on Arrival,eligibility.within_doa_window = False,DEPT-RET,DEPT-LOG,Medium,Medium,P2,RPL-POL-03:3.1; RPL-POL-03:3.3,No Escalation,VERIFY_ORDER,"PROMISE_REFUND_BEFORE_VERIFICATION, GRANT_POLICY_EXCEPTION, SHIP_REPLACEMENT",Resolution confirmation (120h),active
RES-PRD-DOA-04,Product Defect,Damaged on Arrival,order.is_hazardous = True,DEPT-RET,DEPT-LOG,High,High,P1,RPL-POL-03:6.1; SAF-POL-10:5.2,No Escalation,"VERIFY_ORDER, ADVISE_STOP_USING, ARRANGE_SPECIALIST_COLLECTION","SHIP_DAMAGED_BATTERY_BY_MAIL, ISSUE_RETURN_LABEL, DISMISS_SAFETY_CONCERN",Replacement-status update (48h),active
RES-PRD-MAL-01,Product Defect,Product Malfunction,always,DEPT-TEC,,Medium,Medium,P2,TEC-GDL-20:2; RPL-POL-03:3.2,No Escalation,"VERIFY_ORDER, REMOTE_TROUBLESHOOTING",PROMISE_REFUND_BEFORE_VERIFICATION,Resolution confirmation (48h),active
RES-PRD-MAL-02,Product Defect,Product Malfunction,eligibility.within_defect_window = True,DEPT-TEC,DEPT-RET,Medium,Medium,P2,REF-POL-02:3.3; RPL-POL-03:3.2,No Escalation,"VERIFY_ORDER, REMOTE_TROUBLESHOOTING",GUARANTEE_COMPENSATION,Replacement-status update (72h),active
RES-PRD-MAL-03,Product Defect,Product Malfunction,(eligibility.within_defect_window = False) AND (eligibility.within_warranty = True),DEPT-TEC,DEPT-WAR,Medium,Medium,P2,RPL-POL-03:3.3; WAR-POL-07:4.1; WAR-POL-07:4.2,No Escalation,"VERIFY_ORDER, REMOTE_TROUBLESHOOTING, OPEN_WARRANTY_CLAIM",PROMISE_REFUND_BEFORE_VERIFICATION,Resolution confirmation (240h),active
RES-PRD-MAL-04,Product Defect,Product Malfunction,eligibility.within_warranty = False,DEPT-TEC,,Low,Medium,P3,WAR-POL-07:3; WAR-POL-07:5,No Escalation,"VERIFY_ORDER, REMOTE_TROUBLESHOOTING, VERIFY_WARRANTY_STATUS","PROMISE_REFUND_BEFORE_VERIFICATION, GRANT_POLICY_EXCEPTION, SHIP_REPLACEMENT",none,active
RES-PRD-MAL-05,Product Defect,Product Malfunction,(signal:replacement_failed) OR (eligibility.replacement_limit_reached = True),DEPT-TEC,DEPT-WAR,Medium,Medium,P2,RPL-POL-03:3.4; ESC-SOP-12:4.13,Supervisor Review,"VERIFY_ORDER, LINK_PREVIOUS_COMPLAINT, ESCALATE_SUPERVISOR","PROMISE_REFUND_BEFORE_VERIFICATION, SHIP_REPLACEMENT",Resolution confirmation (72h),active
RES-PRD-MIS-01,Product Defect,Missing Parts,always,DEPT-LOG,,Medium,Low,P3,RPL-POL-03:5.2,No Escalation,"VERIFY_ORDER, SHIP_MISSING_PART",GUARANTEE_COMPENSATION,Replacement-status update (120h),active
RES-PRD-MIS-02,Product Defect,Missing Parts,complaint.has_order_reference = False,DEPT-LOG,,Medium,Low,P3,RPL-POL-03:5.2; CHP-POL-01:4.2,No Escalation,REQUEST_ORDER_REFERENCE,GUARANTEE_COMPENSATION,Request for additional information (24h),active
RES-PRD-MIS-03,Product Defect,Missing Parts,text matches /\b(empty\s+box|box\s+was\s+empty|nothing\s+(was\s+)?inside|device\s+(itself\s+)?(was\s+)?missing)\b/,DEPT-LOG,DEPT-LOG,High,Medium,P2,DEL-POL-04:6.1; RPL-POL-03:5.2,No Escalation,"VERIFY_ORDER, INITIATE_CARRIER_TRACE",PROMISE_REFUND_BEFORE_VERIFICATION,Resolution confirmation (120h),active
RES-PRV-BRC-01,Privacy,Data Exposure,always,DEPT-CMP,DEPT-SEC,Critical,High,P0,PRV-POL-08:7.1; PRV-POL-08:7.2; PRV-POL-08:7.3; PRV-POL-08:7.4,Compliance Review,"LOG_PRIVACY_INCIDENT, CONTAIN_DATA_EXPOSURE, ESCALATE_COMPLIANCE","DISCLOSE_OTHER_CUSTOMER_DATA, PROMISE_REGULATORY_OUTCOME, GUARANTEE_COMPENSATION",Escalation acknowledgement (1h),active
RES-PRV-BRC-02,Privacy,Data Exposure,text matches /\b(someone\s+else's|another\s+(customer|person|family|user)'?s?|other\s+(people's|customers'|users'))\b/,DEPT-CMP,DEPT-SEC,Critical,High,P0,PRV-POL-08:7.1; PRV-POL-08:7.4; PRV-POL-08:8,Compliance Review,"LOG_PRIVACY_INCIDENT, CONTAIN_DATA_EXPOSURE, REVIEW_ACCOUNT_ACTIVITY, ESCALATE_COMPLIANCE","DISCLOSE_OTHER_CUSTOMER_DATA, PROMISE_REGULATORY_OUTCOME",Escalation acknowledgement (1h),active
RES-PRV-BRC-03,Privacy,Data Exposure,text matches /\b(camera|footage|recordings?|video|feed|live\s+view)\b/,DEPT-CMP,DEPT-SEC,Critical,High,P0,PRV-POL-08:6.1; PRV-POL-08:7.4,Compliance Review,"LOG_PRIVACY_INCIDENT, CONTAIN_DATA_EXPOSURE, REVOKE_SESSIONS, ESCALATE_COMPLIANCE","DISCLOSE_OTHER_CUSTOMER_DATA, PROMISE_REGULATORY_OUTCOME",Escalation acknowledgement (1h),active
RES-PRV-CON-01,Privacy,Consent and Marketing,always,DEPT-CMP,,Medium,Medium,P2,PRV-POL-08:5.1; PRV-POL-08:5.2,No Escalation,"VERIFY_ACCOUNT, UPDATE_CONSENT_PREFERENCES",PROMISE_REGULATORY_OUTCOME,Resolution confirmation (240h),active
RES-PRV-CON-02,Privacy,Consent and Marketing,(signal:consent_violation) AND (complaint.max_elapsed_days > 14),DEPT-CMP,,Medium,Medium,P2,PRV-POL-08:5.2,No Escalation,"VERIFY_ACCOUNT, UPDATE_CONSENT_PREFERENCES, LOG_PRIVACY_INCIDENT",PROMISE_REGULATORY_OUTCOME,Resolution confirmation (120h),active
RES-PRV-CON-03,Privacy,Consent and Marketing,"text matches /\b(sold|selling|shared|sharing|passed|gave)\b.{0,40}\b(data|information|details|email|number)\b|\bthird[- ]part(y|ies)\b/",DEPT-CMP,,High,High,P1,PRV-POL-08:5.3; ESC-SOP-12:4.3,Compliance Review,"LOG_PRIVACY_INCIDENT, UPDATE_CONSENT_PREFERENCES, ESCALATE_COMPLIANCE","PROMISE_REGULATORY_OUTCOME, DISCLOSE_OTHER_CUSTOMER_DATA",Escalation acknowledgement (4h),active
RES-PRV-DSR-01,Privacy,Data Rights Request,always,DEPT-CMP,,Medium,Medium,P2,PRV-POL-08:4.1; PRV-POL-08:4.2,No Escalation,"VERIFY_IDENTITY, PROCESS_DATA_REQUEST","REQUEST_SENSITIVE_CREDENTIALS, PROMISE_REGULATORY_OUTCOME",Resolution confirmation (720h),active
RES-PRV-DSR-02,Privacy,Data Rights Request,complaint.max_elapsed_days > $param:dsar_fulfilment_days,DEPT-CMP,,High,Medium,P2,PRV-POL-08:4.3; ESC-SOP-12:4.3,Compliance Review,"VERIFY_IDENTITY, PROCESS_DATA_REQUEST, ESCALATE_COMPLIANCE","REQUEST_SENSITIVE_CREDENTIALS, PROMISE_REGULATORY_OUTCOME",Escalation acknowledgement (4h),active
RES-REF-DLY-01,Refund,Refund Delay,always,DEPT-RET,DEPT-BIL,Medium,Medium,P2,REF-POL-02:4.3; REF-POL-02:5.1,No Escalation,"VERIFY_ORDER, CHECK_REFUND_STATUS",PROMISE_REFUND_BEFORE_VERIFICATION,Refund-status update (24h),active
RES-REF-DLY-02,Refund,Refund Delay,eligibility.refund_late = True,DEPT-RET,DEPT-BIL,Medium,Medium,P2,REF-POL-02:5.1; REF-POL-02:4.3,No Escalation,"CHECK_REFUND_STATUS, PROCESS_REFUND",GUARANTEE_COMPENSATION,Refund-status update (24h),active
RES-REF-DLY-03,Refund,Refund Delay,eligibility.refund_late = False,DEPT-RET,DEPT-BIL,Low,Medium,P3,REF-POL-02:4.2; REF-POL-02:4.3,No Escalation,CHECK_REFUND_STATUS,GUARANTEE_COMPENSATION,Refund-status update (72h),active
RES-REF-DLY-04,Refund,Refund Delay,order.return_received = False,DEPT-RET,DEPT-BIL,Medium,Medium,P2,REF-POL-02:4.2; REF-POL-02:4.1,No Escalation,"VERIFY_SHIPMENT_STATUS, CHECK_REFUND_STATUS","PROMISE_REFUND_BEFORE_VERIFICATION, PROCESS_REFUND",Refund-status update (48h),active
RES-REF-PAR-01,Refund,Partial Refund Dispute,always,DEPT-RET,,Low,Low,P3,REF-POL-02:6.1; REF-POL-02:6.3,No Escalation,"CHECK_REFUND_STATUS, PROVIDE_FEE_BREAKDOWN",PROMISE_REFUND_BEFORE_VERIFICATION,Refund-status update (72h),active
RES-REF-PAR-02,Refund,Partial Refund Dispute,"(order.restocking_fee_applied = True) AND ((customer.is_care_plus = True) OR (order.return_reason in ['defective', 'damaged_on_arrival', 'wrong_item']))",DEPT-RET,,Low,Low,P3,REF-POL-02:6.1; REF-POL-02:6.2,No Escalation,"CHECK_REFUND_STATUS, CORRECT_BILLING_ERROR",GUARANTEE_COMPENSATION,Refund-status update (120h),active
RES-REF-PAR-03,Refund,Partial Refund Dispute,"(order.restocking_fee_applied = True) AND (customer.is_care_plus = False) AND (order.return_reason in ['changed_mind', 'not_needed', 'other'])",DEPT-RET,,Low,Low,P3,REF-POL-02:6.1; REF-POL-02:6.3,No Escalation,"CHECK_REFUND_STATUS, PROVIDE_FEE_BREAKDOWN","PROMISE_REFUND_BEFORE_VERIFICATION, GRANT_POLICY_EXCEPTION",none,active
RES-REF-REQ-01,Refund,Refund Request,always,DEPT-RET,,Medium,Medium,P2,REF-POL-02:4.1; REF-POL-02:3.1,No Escalation,VERIFY_ORDER,PROMISE_REFUND_BEFORE_VERIFICATION,Request for additional information (24h),active
RES-REF-REQ-02,Refund,Refund Request,eligibility.within_refund_window = True,DEPT-RET,,Medium,Medium,P2,REF-POL-02:3.1; REF-POL-02:3.2; REF-POL-02:4.2; REF-POL-02:4.3; REF-POL-02:6.1,No Escalation,"VERIFY_ORDER, ISSUE_RETURN_LABEL, INSPECT_RETURNED_ITEM",GUARANTEE_COMPENSATION,Refund-status update (120h),active
RES-REF-REQ-03,Refund,Refund Request,eligibility.within_refund_window = False,DEPT-RET,,Medium,Low,P3,REF-POL-02:3.1; REF-POL-02:7.1; REF-POL-02:7.2,No Escalation,VERIFY_ORDER,"PROMISE_REFUND_BEFORE_VERIFICATION, GRANT_POLICY_EXCEPTION, PROCESS_REFUND",none,active
RES-REF-REQ-04,Refund,Refund Request,complaint.product_sku in ['SVC-INSTALL'],DEPT-RET,,Low,Low,P3,REF-POL-02:3.4; INS-POL-24:5.1,No Escalation,VERIFY_ORDER,"PROMISE_REFUND_BEFORE_VERIFICATION, PROCESS_REFUND, GRANT_POLICY_EXCEPTION",none,active
RES-REF-REQ-05,Refund,Refund Request,signal:misuse_damage,DEPT-RET,,Low,Low,P3,REF-POL-02:3.4; WAR-POL-07:6.2,No Escalation,VERIFY_ORDER,"PROMISE_REFUND_BEFORE_VERIFICATION, PROCESS_REFUND, GRANT_POLICY_EXCEPTION",none,active
RES-SAF-ELC-01,Safety,Electrical Hazard,always,DEPT-SAF,,Critical,High,P0,SAF-POL-10:4.1; SAF-POL-10:4.2; SAF-POL-10:4.4,Specialist Team,"ADVISE_STOP_USING, LOG_SAFETY_INCIDENT, NOTIFY_PRODUCT_SAFETY, ESCALATE_SPECIALIST_TEAM","DISMISS_SAFETY_CONCERN, ADMIT_LIABILITY, GUARANTEE_COMPENSATION",Escalation acknowledgement (1h),active
RES-SAF-ELC-02,Safety,Electrical Hazard,"any signal of injury, child_involved",DEPT-SAF,"DEPT-MGT, DEPT-CMP",Critical,High,P0,SAF-POL-10:4.4; SAF-POL-10:7.3,Critical Management Escalation,"ADVISE_STOP_USING, LOG_SAFETY_INCIDENT, NOTIFY_PRODUCT_SAFETY, ESCALATE_CRITICAL_MANAGEMENT","DISMISS_SAFETY_CONCERN, ADMIT_LIABILITY, PROMISE_REGULATORY_OUTCOME",Escalation acknowledgement (1h),active
RES-SAF-ELC-03,Safety,Electrical Hazard,signal:fire_event,DEPT-SAF,DEPT-MGT,Critical,High,P0,SAF-POL-10:4.4; ESC-SOP-12:4.1,Critical Management Escalation,"ADVISE_STOP_USING, LOG_SAFETY_INCIDENT, NOTIFY_PRODUCT_SAFETY, ESCALATE_CRITICAL_MANAGEMENT","DISMISS_SAFETY_CONCERN, ADMIT_LIABILITY",Escalation acknowledgement (1h),active
RES-SAF-INJ-01,Safety,Injury Incident,always,DEPT-SAF,DEPT-CMP,Critical,High,P0,SAF-POL-10:4.4; SAF-POL-10:7.1; SAF-POL-10:7.3,Critical Management Escalation,"ADVISE_STOP_USING, LOG_SAFETY_INCIDENT, NOTIFY_PRODUCT_SAFETY, ESCALATE_CRITICAL_MANAGEMENT","DISMISS_SAFETY_CONCERN, ADMIT_LIABILITY, PROMISE_REGULATORY_OUTCOME, GUARANTEE_COMPENSATION",Escalation acknowledgement (1h),active
RES-SAF-INJ-02,Safety,Injury Incident,signal:child_involved,DEPT-SAF,"DEPT-MGT, DEPT-CMP",Critical,High,P0,SAF-POL-10:4.4; ESC-SOP-12:4.1,Critical Management Escalation,"ADVISE_STOP_USING, LOG_SAFETY_INCIDENT, NOTIFY_PRODUCT_SAFETY, ESCALATE_CRITICAL_MANAGEMENT","DISMISS_SAFETY_CONCERN, ADMIT_LIABILITY, PROMISE_REGULATORY_OUTCOME",Escalation acknowledgement (1h),active
RES-SAF-INJ-03,Safety,Injury Incident,signal:legal_threat,DEPT-SAF,"DEPT-CMP, DEPT-MGT",Critical,High,P0,SAF-POL-10:7.1; CMP-GDL-19:3.1; CMP-GDL-19:3.2,Critical Management Escalation,"ADVISE_STOP_USING, LOG_SAFETY_INCIDENT, NOTIFY_PRODUCT_SAFETY, ESCALATE_CRITICAL_MANAGEMENT, ESCALATE_COMPLIANCE","DISMISS_SAFETY_CONCERN, ADMIT_LIABILITY, PROMISE_REGULATORY_OUTCOME, GUARANTEE_COMPENSATION",Escalation acknowledgement (1h),active
RES-SAF-OVH-01,Safety,Overheating or Fire Hazard,always,DEPT-SAF,,Critical,High,P0,SAF-POL-10:4.1; SAF-POL-10:4.2; SAF-POL-10:4.3; SAF-POL-10:4.4; SAF-POL-10:6,Specialist Team,"ADVISE_STOP_USING, LOG_SAFETY_INCIDENT, NOTIFY_PRODUCT_SAFETY, ESCALATE_SPECIALIST_TEAM","DISMISS_SAFETY_CONCERN, ADMIT_LIABILITY, SHIP_DAMAGED_BATTERY_BY_MAIL, GUARANTEE_COMPENSATION",Escalation acknowledgement (1h),active
RES-SAF-OVH-02,Safety,Overheating or Fire Hazard,signal:fire_event,DEPT-SAF,DEPT-MGT,Critical,High,P0,SAF-POL-10:4.4; ESC-SOP-12:4.1,Critical Management Escalation,"ADVISE_STOP_USING, LOG_SAFETY_INCIDENT, NOTIFY_PRODUCT_SAFETY, ESCALATE_CRITICAL_MANAGEMENT","DISMISS_SAFETY_CONCERN, ADMIT_LIABILITY, SHIP_DAMAGED_BATTERY_BY_MAIL, GUARANTEE_COMPENSATION",Escalation acknowledgement (1h),active
RES-SAF-OVH-03,Safety,Overheating or Fire Hazard,order.is_hazardous = True,DEPT-SAF,,Critical,High,P0,SAF-POL-10:5.1; SAF-POL-10:5.2; RPL-POL-03:6.1,Specialist Team,"ADVISE_STOP_USING, LOG_SAFETY_INCIDENT, NOTIFY_PRODUCT_SAFETY, ARRANGE_SPECIALIST_COLLECTION, ESCALATE_SPECIALIST_TEAM","DISMISS_SAFETY_CONCERN, ADMIT_LIABILITY, SHIP_DAMAGED_BATTERY_BY_MAIL, ISSUE_RETURN_LABEL",Escalation acknowledgement (1h),active
RES-SAF-OVH-04,Safety,Overheating or Fire Hazard,"any signal of injury, child_involved",DEPT-SAF,"DEPT-MGT, DEPT-CMP",Critical,High,P0,SAF-POL-10:4.4; SAF-POL-10:7.3,Critical Management Escalation,"ADVISE_STOP_USING, LOG_SAFETY_INCIDENT, NOTIFY_PRODUCT_SAFETY, ESCALATE_CRITICAL_MANAGEMENT","DISMISS_SAFETY_CONCERN, ADMIT_LIABILITY, SHIP_DAMAGED_BATTERY_BY_MAIL, PROMISE_REGULATORY_OUTCOME",Escalation acknowledgement (1h),active
RES-STF-MIN-01,Staff Behavior,Misinformation by Staff,always,DEPT-CRL,,Medium,Low,P3,STF-POL-21:4.1; STF-POL-21:4.2,No Escalation,"REVIEW_INTERACTION_RECORDS, CORRECT_MISINFORMATION","GRANT_POLICY_EXCEPTION, GUARANTEE_COMPENSATION",Resolution confirmation (120h),active
RES-STF-MIN-02,Staff Behavior,Misinformation by Staff,text matches /\b(promised|assured|guaranteed|told\s+me\s+(i|we)\s+would|said\s+(i|we)\s+would)\b/,DEPT-CRL,,Medium,Medium,P2,STF-POL-21:4.2; ESC-SOP-12:4.9,Supervisor Review,"REVIEW_INTERACTION_RECORDS, CORRECT_MISINFORMATION, ESCALATE_SUPERVISOR","GRANT_POLICY_EXCEPTION, PROMISE_REFUND_BEFORE_VERIFICATION, GUARANTEE_COMPENSATION",Resolution confirmation (72h),active
RES-STF-MIN-03,Staff Behavior,Misinformation by Staff,complaint.max_amount > 0,DEPT-CRL,,Medium,Medium,P2,STF-POL-21:4.2,No Escalation,"REVIEW_INTERACTION_RECORDS, CORRECT_MISINFORMATION, CHECK_TRANSACTION","GRANT_POLICY_EXCEPTION, PROMISE_REFUND_BEFORE_VERIFICATION",Resolution confirmation (120h),active
RES-STF-MIS-01,Staff Behavior,Technician Misconduct,always,DEPT-CRL,DEPT-MGT,High,Medium,P2,STF-POL-21:6; ESC-SOP-12:4.10,Department Manager,"REVIEW_INTERACTION_RECORDS, NOTIFY_STAFF_MANAGER, ESCALATE_DEPARTMENT_MANAGER","GUARANTEE_COMPENSATION, ADMIT_LIABILITY",Escalation acknowledgement (4h),active
RES-STF-MIS-02,Staff Behavior,Technician Misconduct,signal:technician_damage_theft,DEPT-CRL,DEPT-MGT,High,Medium,P2,INS-POL-24:6.1; INS-POL-24:6.2,Department Manager,"REVIEW_INTERACTION_RECORDS, INVESTIGATE_PROPERTY_DAMAGE, ESCALATE_DEPARTMENT_MANAGER","GUARANTEE_COMPENSATION, ADMIT_LIABILITY, CASH_COMPENSATION",Resolution confirmation (120h),active
RES-STF-MIS-03,Staff Behavior,Technician Misconduct,signal:staff_harassment,DEPT-CRL,DEPT-CMP,High,Medium,P2,STF-POL-21:6; ESC-SOP-12:4.10,Compliance Review,"REVIEW_INTERACTION_RECORDS, ESCALATE_COMPLIANCE","GUARANTEE_COMPENSATION, ADMIT_LIABILITY, PROMISE_REGULATORY_OUTCOME",Escalation acknowledgement (4h),active
RES-STF-RUD-01,Staff Behavior,Rude or Unprofessional Staff,always,DEPT-CRL,,Low,Low,P3,STF-POL-21:5.1; STF-POL-21:5.2,No Escalation,"REVIEW_INTERACTION_RECORDS, NOTIFY_STAFF_MANAGER",GUARANTEE_COMPENSATION,Resolution confirmation (120h),active
RES-STF-RUD-02,Staff Behavior,Rude or Unprofessional Staff,signal:staff_harassment,DEPT-CRL,DEPT-CMP,High,Medium,P2,STF-POL-21:6; CMP-GDL-19:6,Compliance Review,"REVIEW_INTERACTION_RECORDS, ESCALATE_COMPLIANCE","GUARANTEE_COMPENSATION, PROMISE_REGULATORY_OUTCOME",Escalation acknowledgement (4h),active
RES-STF-RUD-03,Staff Behavior,Rude or Unprofessional Staff,signal:compensation_request,DEPT-CRL,,Low,Low,P3,STF-POL-21:5.1; CPN-POL-11:3.1,No Escalation,"REVIEW_INTERACTION_RECORDS, NOTIFY_STAFF_MANAGER","GUARANTEE_COMPENSATION, CASH_COMPENSATION",Resolution confirmation (120h),active
RES-SVC-INS-01,Service Quality,Installation Service Quality,always,DEPT-CRL,DEPT-TEC,Medium,Low,P3,INS-POL-24:5.1,No Escalation,"REVIEW_INTERACTION_RECORDS, SCHEDULE_INSTALL_REVISIT","PROMISE_REFUND_BEFORE_VERIFICATION, GUARANTEE_COMPENSATION",Resolution confirmation (120h),active
RES-SVC-INS-02,Service Quality,Installation Service Quality,"(history.prior_same_issue_count >= 1) OR (text matches /\b(second|another|re-?)\s*visit\b.{0,60}\b(still|also|again|failed|did\s+not|didn't)\b/)",DEPT-CRL,DEPT-TEC,Medium,Medium,P2,INS-POL-24:5.2,Supervisor Review,"REVIEW_INTERACTION_RECORDS, ESCALATE_SUPERVISOR",PROMISE_REFUND_BEFORE_VERIFICATION,Resolution confirmation (72h),active
RES-SVC-INS-03,Service Quality,Installation Service Quality,text matches /\b(no[- ]show|did\s+not\s+(show|turn)\s+up|didn't\s+(show|turn)\s+up|never\s+(showed|arrived|came)|(arrived|was)\s+\d+\s+hours?\s+late|missed\s+(the|my)\s+appointment)\b/,DEPT-CRL,DEPT-TEC,Medium,Low,P3,INS-POL-24:3.1; CPN-POL-11:5.1,No Escalation,"REVIEW_INTERACTION_RECORDS, SCHEDULE_INSTALL_REVISIT","GUARANTEE_COMPENSATION, CASH_COMPENSATION",Resolution confirmation (72h),active
RES-SVC-OUT-01,Service Quality,Service Outage,always,DEPT-TEC,DEPT-BIL,High,Medium,P2,SUB-POL-22:6.1,No Escalation,CHECK_SERVICE_STATUS,GUARANTEE_COMPENSATION,Resolution confirmation (24h),active
RES-SVC-OUT-02,Service Quality,Service Outage,complaint.outage_hours > $param:outage_credit_threshold_hours,DEPT-TEC,DEPT-BIL,High,High,P1,SUB-POL-22:6.1; CPN-POL-11:4,No Escalation,"CHECK_SERVICE_STATUS, OFFER_SUBSCRIPTION_CREDIT","GUARANTEE_COMPENSATION, CASH_COMPENSATION",Resolution confirmation (24h),active
RES-SVC-OUT-03,Service Quality,Service Outage,complaint.outage_hours <= $param:outage_credit_threshold_hours,DEPT-TEC,DEPT-BIL,Medium,Medium,P2,SUB-POL-22:6.1,No Escalation,CHECK_SERVICE_STATUS,"GUARANTEE_COMPENSATION, OFFER_SUBSCRIPTION_CREDIT",Resolution confirmation (24h),active
RES-SVC-SUP-01,Service Quality,Poor Support Experience,always,DEPT-CRL,,Low,Low,P3,STF-POL-21:3; STF-POL-21:5.1,No Escalation,REVIEW_INTERACTION_RECORDS,GUARANTEE_COMPENSATION,Resolution confirmation (120h),active
RES-SVC-SUP-02,Service Quality,Poor Support Experience,(signal:repeat_indicator) OR (history.prior_same_issue_count >= 1),DEPT-CRL,,Medium,Low,P3,STF-POL-21:3.1; CHP-POL-01:7.2,No Escalation,"REVIEW_INTERACTION_RECORDS, LINK_PREVIOUS_COMPLAINT",GUARANTEE_COMPENSATION,Resolution confirmation (72h),active
RES-SVC-SUP-03,Service Quality,Poor Support Experience,signal:compensation_request,DEPT-CRL,,Low,Low,P3,CPN-POL-11:3.1; CPN-POL-11:5.1,No Escalation,REVIEW_INTERACTION_RECORDS,"GUARANTEE_COMPENSATION, CASH_COMPENSATION",Resolution confirmation (120h),active
RES-TEC-APP-01,Technical Support,App or Software Issue,always,DEPT-TEC,,Low,Low,P3,TEC-GDL-20:4.1,No Escalation,"REMOTE_TROUBLESHOOTING, FIRMWARE_UPDATE_GUIDANCE","PROMISE_REFUND_BEFORE_VERIFICATION, GUARANTEE_COMPENSATION",Resolution confirmation (72h),active
RES-TEC-APP-02,Technical Support,App or Software Issue,text matches /\b(after|since)\s+(the\s+)?(latest\s+|last\s+|recent\s+|new\s+)?(firmware|software|app)?\s*update\b/,DEPT-TEC,,Medium,Medium,P2,TEC-GDL-20:4.2,No Escalation,FIRMWARE_UPDATE_GUIDANCE,PROMISE_REFUND_BEFORE_VERIFICATION,Resolution confirmation (48h),active
RES-TEC-CON-01,Technical Support,Connectivity Issue,always,DEPT-TEC,,Medium,Low,P3,TEC-GDL-20:2; TEC-GDL-20:3,No Escalation,REMOTE_TROUBLESHOOTING,PROMISE_REFUND_BEFORE_VERIFICATION,Resolution confirmation (48h),active
RES-TEC-CON-02,Technical Support,Connectivity Issue,text matches /\b(already|have)\s+(tried|restarted|reset|rebooted|reinstalled)\b|\b(tried|done)\s+everything\b|\bfactory\s+reset\b/,DEPT-TEC,,Medium,Medium,P2,TEC-GDL-20:6; TEC-GDL-20:7,No Escalation,"REMOTE_TROUBLESHOOTING, VERIFY_WARRANTY_STATUS",PROMISE_REFUND_BEFORE_VERIFICATION,Resolution confirmation (48h),active
RES-TEC-CON-03,Technical Support,Connectivity Issue,"complaint.product_line in ['Security', 'Platform']",DEPT-TEC,,Medium,Medium,P2,TEC-GDL-20:3.3,No Escalation,REMOTE_TROUBLESHOOTING,PROMISE_REFUND_BEFORE_VERIFICATION,Resolution confirmation (24h),active
RES-TEC-SET-01,Technical Support,Setup Issue,always,DEPT-TEC,,Low,Medium,P3,TEC-GDL-20:5,No Escalation,REMOTE_TROUBLESHOOTING,PROMISE_REFUND_BEFORE_VERIFICATION,Resolution confirmation (48h),active
RES-TEC-SET-02,Technical Support,Setup Issue,(complaint.product_sku = LUM-TH-100) AND (text matches /\b(wir(e|es|ing)|c-wire|terminal|compatib)/),DEPT-TEC,,Low,Medium,P3,TEC-GDL-20:5.1; TEC-GDL-20:7,No Escalation,REMOTE_TROUBLESHOOTING,PROMISE_REFUND_BEFORE_VERIFICATION,Resolution confirmation (48h),active
RES-TEC-SET-03,Technical Support,Setup Issue,complaint.product_sku = LUM-LCK-700,DEPT-TEC,,Medium,Medium,P2,TEC-GDL-20:5.2,No Escalation,REMOTE_TROUBLESHOOTING,"PROMISE_REFUND_BEFORE_VERIFICATION, REQUEST_SENSITIVE_CREDENTIALS",Resolution confirmation (24h),active
RES-WAR-CLM-01,Warranty,Warranty Claim,always,DEPT-WAR,,Medium,Medium,P2,WAR-POL-07:4.1,No Escalation,"VERIFY_ORDER, VERIFY_WARRANTY_STATUS, REMOTE_TROUBLESHOOTING",PROMISE_REFUND_BEFORE_VERIFICATION,Request for additional information (24h),active
RES-WAR-CLM-02,Warranty,Warranty Claim,eligibility.within_warranty = True,DEPT-WAR,,Medium,Medium,P2,WAR-POL-07:3; WAR-POL-07:4.2; WAR-POL-07:4.3,No Escalation,"VERIFY_ORDER, VERIFY_WARRANTY_STATUS, REMOTE_TROUBLESHOOTING, OPEN_WARRANTY_CLAIM",PROMISE_REFUND_BEFORE_VERIFICATION,Resolution confirmation (240h),active
RES-WAR-CLM-03,Warranty,Warranty Claim,eligibility.within_warranty = False,DEPT-WAR,,Low,Medium,P3,WAR-POL-07:3.1; WAR-POL-07:3.2,No Escalation,"VERIFY_ORDER, VERIFY_WARRANTY_STATUS","PROMISE_REFUND_BEFORE_VERIFICATION, GRANT_POLICY_EXCEPTION, SHIP_REPLACEMENT",none,active
RES-WAR-CLM-04,Warranty,Warranty Claim,(signal:misuse_damage) AND (customer.is_care_plus = False),DEPT-WAR,,Low,Medium,P3,WAR-POL-07:5,No Escalation,VERIFY_WARRANTY_STATUS,"PROMISE_REFUND_BEFORE_VERIFICATION, GRANT_POLICY_EXCEPTION, SHIP_REPLACEMENT",none,active
RES-WAR-CPL-01,Warranty,Care+ Coverage Issue,always,DEPT-WAR,,Medium,Medium,P2,WAR-POL-07:6,No Escalation,VERIFY_CAREPLUS_COVERAGE,PROMISE_REFUND_BEFORE_VERIFICATION,Replacement-status update (72h),active
RES-WAR-CPL-02,Warranty,Care+ Coverage Issue,(customer.is_care_plus = True) AND (eligibility.careplus_claims_available = True),DEPT-WAR,,Medium,Medium,P2,WAR-POL-07:6.2; WAR-POL-07:6.3; RPL-POL-03:4.3,No Escalation,"VERIFY_CAREPLUS_COVERAGE, SHIP_ADVANCE_REPLACEMENT",GUARANTEE_COMPENSATION,Replacement-status update (72h),active
RES-WAR-CPL-03,Warranty,Care+ Coverage Issue,customer.is_care_plus = False,DEPT-WAR,,Low,Medium,P3,WAR-POL-07:6.1; SUB-POL-22:7,No Escalation,VERIFY_CAREPLUS_COVERAGE,"PROMISE_REFUND_BEFORE_VERIFICATION, SHIP_ADVANCE_REPLACEMENT, GRANT_POLICY_EXCEPTION",none,active
RES-WAR-CPL-04,Warranty,Care+ Coverage Issue,eligibility.careplus_claims_available = False,DEPT-WAR,,Low,Medium,P3,WAR-POL-07:6.2,No Escalation,VERIFY_CAREPLUS_COVERAGE,"SHIP_ADVANCE_REPLACEMENT, GRANT_POLICY_EXCEPTION",none,active
RES-WAR-DEN-01,Warranty,Warranty Denial Dispute,always,DEPT-WAR,,Medium,Medium,P2,WAR-POL-07:7.1; WAR-POL-07:7.2,Supervisor Review,"VERIFY_WARRANTY_STATUS, REVIEW_WARRANTY_APPEAL, ESCALATE_SUPERVISOR","PROMISE_REFUND_BEFORE_VERIFICATION, GRANT_POLICY_EXCEPTION",Resolution confirmation (240h),active
RES-WAR-DEN-02,Warranty,Warranty Denial Dispute,complaint.max_elapsed_days > $param:warranty_appeal_window_days,DEPT-WAR,,Low,Medium,P3,WAR-POL-07:7.1,Supervisor Review,"VERIFY_WARRANTY_STATUS, ESCALATE_SUPERVISOR","PROMISE_REFUND_BEFORE_VERIFICATION, GRANT_POLICY_EXCEPTION",none,active
RES-WAR-DEN-03,Warranty,Warranty Denial Dispute,customer.is_care_plus = True,DEPT-WAR,,Medium,Medium,P2,WAR-POL-07:6; WAR-POL-07:7.2,Supervisor Review,"VERIFY_CAREPLUS_COVERAGE, REVIEW_WARRANTY_APPEAL, ESCALATE_SUPERVISOR",PROMISE_REFUND_BEFORE_VERIFICATION,Resolution confirmation (240h),active
ESC-001,(all),(all),signal:fire_event,"DEPT-SAF, DEPT-MGT",,,,,ESC-SOP-12:4.1; SAF-POL-10:4.4,Critical Management Escalation,,,Escalation acknowledgement,active
ESC-002,(all),(all),signal:overheating,DEPT-SAF,,,,,ESC-SOP-12:4.1; SAF-POL-10:4.4,Specialist Team,,,Escalation acknowledgement,active
ESC-003,(all),(all),signal:electrical_hazard,DEPT-SAF,,,,,ESC-SOP-12:4.1; SAF-POL-10:4.4,Specialist Team,,,Escalation acknowledgement,active
ESC-004,(all),(all),signal:injury,"DEPT-SAF, DEPT-MGT, DEPT-CMP",,,,,ESC-SOP-12:4.1; SAF-POL-10:7.3,Critical Management Escalation,,,Escalation acknowledgement,active
ESC-005,(all),(all),"(signal:child_involved) AND (any signal of fire_event, overheating, electrical_hazard, injury)","DEPT-SAF, DEPT-MGT",,,,,ESC-SOP-12:4.1; SAF-POL-10:4.4,Critical Management Escalation,,,Escalation acknowledgement,active
ESC-006,(all),(all),signal:recall_mention,DEPT-SAF,,,,,ESC-SOP-12:4.14; SAF-POL-10:8.1,Specialist Team,,,Escalation acknowledgement,active
ESC-007,(all),(all),"subcategory in SAF-OVH, SAF-ELC",DEPT-SAF,,,,,ESC-SOP-12:4.1,Specialist Team,,,Escalation acknowledgement,active
ESC-008,(all),(all),subcategory in SAF-INJ,"DEPT-SAF, DEPT-MGT, DEPT-CMP",,,,,ESC-SOP-12:4.1; SAF-POL-10:4.4,Critical Management Escalation,,,Escalation acknowledgement,active
ESC-009,(all),(all),(signal:security_breach) OR (subcategory in ACC-UNA),DEPT-SEC,,,,,ESC-SOP-12:4.2; SEC-POL-09:4.3,Specialist Team,,,Escalation acknowledgement,active
ESC-010,(all),(all),signal:lock_security,"DEPT-SEC, DEPT-MGT",,,,,ESC-SOP-12:4.2; SEC-POL-09:5.3,Critical Management Escalation,,,Escalation acknowledgement,active
ESC-011,(all),(all),signal:fraud,"DEPT-SEC, DEPT-BIL",,,,,ESC-SOP-12:4.2; BIL-POL-05:9,Specialist Team,,,Escalation acknowledgement,active
ESC-012,(all),(all),(signal:privacy_breach) OR (subcategory in PRV-BRC),DEPT-CMP,,,,,ESC-SOP-12:4.3; PRV-POL-08:7.2,Compliance Review,,,Escalation acknowledgement,active
ESC-013,(all),(all),"(signal:consent_violation) AND (text matches /\b(sold|selling|shared|sharing|passed|gave)\b.{0,40}\b(data|information|details|email|number)\b|\bthird[- ]part(y|ies)\b|\bpartners?\b/)",DEPT-CMP,,,,,ESC-SOP-12:4.3; PRV-POL-08:5.3,Compliance Review,,,Escalation acknowledgement,active
ESC-014,(all),(all),((signal:data_rights_request) OR (subcategory in PRV-DSR)) AND (complaint.max_elapsed_days > $param:dsar_fulfilment_days),DEPT-CMP,,,,,ESC-SOP-12:4.3; PRV-POL-08:4.3,Compliance Review,,,Escalation acknowledgement,active
ESC-015,(all),(all),"(signal:minors_data) AND ((category in PRV) OR (any signal of privacy_breach, consent_violation))",DEPT-CMP,,,,,ESC-SOP-12:4.3,Compliance Review,,,Escalation acknowledgement,active
ESC-016,(all),(all),signal:legal_threat,DEPT-CMP,,,,,ESC-SOP-12:4.4; CMP-GDL-19:3.2,Compliance Review,,,Escalation acknowledgement,active
ESC-017,(all),(all),history.unresolved_prior_same_issue >= $param:repeat_supervisor_threshold,$primary_department,,,,,ESC-SOP-12:4.5; CHP-POL-01:7.2,Supervisor Review,,,Escalation acknowledgement,active
ESC-018,(all),(all),history.unresolved_prior_same_issue >= $param:repeat_manager_threshold,"$primary_department, DEPT-MGT",,,,,ESC-SOP-12:4.5,Department Manager,,,Escalation acknowledgement,active
ESC-019,(all),(all),history.references_resolved_complaint = True,$primary_department,,,,,ESC-SOP-12:4.5; CHP-POL-01:8.2,Supervisor Review,,,Escalation acknowledgement,active
ESC-020,(all),(all),case.claimed_amount >= $param:high_value_supervisor_usd,$primary_department,,,,,ESC-SOP-12:4.6,Supervisor Review,,,Escalation acknowledgement,active
ESC-021,(all),(all),case.claimed_amount >= $param:high_value_manager_usd,"$primary_department, DEPT-MGT",,,,,ESC-SOP-12:4.6,Department Manager,,,Escalation acknowledgement,active
ESC-022,(all),(all),(complaint.customer_type = business) AND (order.order_total >= $param:business_high_value_usd),"$primary_department, DEPT-MGT",,,,,ESC-SOP-12:4.6,Department Manager,,,Escalation acknowledgement,active
ESC-023,(all),(all),(subcategory in DEL-LST) AND (order.order_total >= $param:high_value_supervisor_usd),DEPT-LOG,,,,,DEL-POL-04:6.3; ESC-SOP-12:4.6,Supervisor Review,,,Escalation acknowledgement,active
ESC-024,(all),(all),signal:severe_service_failure,"DEPT-TEC, DEPT-MGT",,,,,ESC-SOP-12:4.7,Department Manager,,,Escalation acknowledgement,active
ESC-025,(all),(all),signal:critical_impact,$primary_department,,,,,ESC-SOP-12:4.8,Specialist Team,,,Escalation acknowledgement,active
ESC-026,(all),(all),(signal:vulnerable_customer) AND (signal:critical_impact),"$primary_department, DEPT-MGT",,,,,ESC-SOP-12:4.8; CMP-GDL-19:5.2,Critical Management Escalation,,,Escalation acknowledgement,active
ESC-027,(all),(all),signal:policy_exception_request,$primary_department,,,,,ESC-SOP-12:4.9; REF-POL-02:7.1,Supervisor Review,,,Escalation acknowledgement,active
ESC-028,(all),(all),"((signal:refund_request) OR (complaint.requested_resolution = refund)) AND (eligibility.within_refund_window = False) AND (category in REF, PRD, DEL)",DEPT-RET,,,,,ESC-SOP-12:4.9; REF-POL-02:7.1,Supervisor Review,,,Escalation acknowledgement,active
ESC-029,(all),(all),complaint.requested_compensation_amount > $param:agent_compensation_limit_usd,$primary_department,,,,,ESC-SOP-12:4.9; CPN-POL-11:5.1,Supervisor Review,,,Escalation acknowledgement,active
ESC-030,(all),(all),complaint.requested_compensation_amount > $param:supervisor_compensation_limit_usd,$primary_department,,,,,ESC-SOP-12:4.9; CPN-POL-11:5.2,Department Manager,,,Escalation acknowledgement,active
ESC-031,(all),(all),(category in BIL) AND (eligibility.within_dispute_window = False),DEPT-BIL,,,,,BIL-POL-05:4.3,Supervisor Review,,,Escalation acknowledgement,active
ESC-032,(all),(all),signal:staff_harassment,"DEPT-CMP, DEPT-MGT",,,,,ESC-SOP-12:4.10; STF-POL-21:6,Compliance Review,,,Escalation acknowledgement,active
ESC-033,(all),(all),(signal:technician_damage_theft) OR (subcategory in STF-MIS),"DEPT-CRL, DEPT-MGT",,,,,ESC-SOP-12:4.10; INS-POL-24:6.2,Department Manager,,,Escalation acknowledgement,active
ESC-034,(all),(all),(subcategory in STF-MIN) AND (text matches /\b(promised|assured|guaranteed|told\s+me\s+(i|we)\s+would|said\s+(i|we)\s+would)\b/),DEPT-CRL,,,,,STF-POL-21:4.2,Supervisor Review,,,Escalation acknowledgement,active
ESC-035,(all),(all),signal:media_threat,DEPT-CRL,,,,,ESC-SOP-12:4.12,Supervisor Review,,,Escalation acknowledgement,active
ESC-036,(all),(all),signal:chargeback_threat,DEPT-BIL,,,,,ESC-SOP-12:4.12; BIL-POL-05:7.1,Supervisor Review,,,Escalation acknowledgement,active
ESC-037,(all),(all),(signal:replacement_failed) OR (eligibility.replacement_limit_reached = True),"DEPT-WAR, DEPT-RET",,,,,ESC-SOP-12:4.13; RPL-POL-03:3.4,Supervisor Review,,,Escalation acknowledgement,active
ESC-038,(all),(all),subcategory in WAR-DEN,DEPT-WAR,,,,,WAR-POL-07:7.2,Supervisor Review,,,Escalation acknowledgement,active
ESC-039,(all),(all),"(sla.breached = True) AND (case.priority in ['P0', 'P1'])","$primary_department, DEPT-MGT",,,,,ESC-SOP-12:4.11; SLA-RUL-15:7.2,Department Manager,,,Escalation acknowledgement,active
