router,method,path,handler,required_permission
auth,POST,/api/v1/auth/login,login,public
auth,POST,/api/v1/auth/logout,logout,current_user
auth,GET,/api/v1/auth/me,me,current_user
auth,GET,/api/v1/auth/demo-accounts,demo_accounts,public
auth,GET,/api/v1/config/public,public_config,current_user
auth,GET,/api/v1/staff,staff_directory,"review:act,complaint:update"
auth,GET,/api/v1/users,list_users,users:read
auth,POST,/api/v1/users,create_user,users:manage
auth,PUT,/api/v1/users/{user_id},update_user,users:manage
auth,GET,/api/v1/roles,list_roles,users:read
auth,GET,/api/v1/customers,search_customers,complaint:read_all
complaints,POST,/api/v1/complaints,submit_complaint,complaint:create
complaints,POST,/api/v1/complaints/validate,validate_complaint,complaint:create
complaints,GET,/api/v1/complaints,list_complaints,current_user
complaints,GET,/api/v1/complaints/{ref},get_complaint,current_user
complaints,GET,/api/v1/complaints/{ref}/pipeline,pipeline_progress,current_user
complaints,GET,/api/v1/complaints/{ref}/timeline,complaint_timeline,complaint:read_all
complaints,GET,/api/v1/complaints/{ref}/ai-runs,complaint_ai_runs,complaint:read_all
complaints,GET,/api/v1/complaints/{ref}/analyses,complaint_analyses,complaint:read_all
complaints,POST,/api/v1/complaints/{ref}/reprocess,reprocess,complaint:reprocess
complaints,POST,/api/v1/complaints/{ref}/status,change_status,current_user
complaints,POST,/api/v1/complaints/{ref}/assign,assign,complaint:update
complaints,POST,/api/v1/complaints/{ref}/escalate,escalate,escalation:create
complaints,POST,/api/v1/complaints/{ref}/responses/{response_id}/send,send_response,complaint:respond
complaints,POST,/api/v1/complaints/{ref}/responses/{response_id}/edit,edit_response,complaint:respond
complaints,POST,/api/v1/complaints/{ref}/clarify,clarify,current_user
complaints,POST,/api/v1/complaints/{ref}/follow-ups/{follow_up_id}/complete,complete_follow_up,complaint:update
complaints,GET,/api/v1/complaints/{ref}/report.pdf,case_report,complaint:read_all
complaints,GET,/api/v1/complaints-export,export_complaints,reports:export
insights,GET,/api/v1/dashboard,dashboard,current_user
insights,GET,/api/v1/analytics/overview,overview,analytics:read
insights,GET,/api/v1/analytics/distribution/{dimension},distribution,analytics:read
insights,GET,/api/v1/analytics/trends,trends,analytics:read
insights,GET,/api/v1/analytics/alerts,alerts,analytics:read
insights,GET,/api/v1/analytics/validation,validation,analytics:read
insights,GET,/api/v1/analytics/sla,sla,analytics:read
insights,GET,/api/v1/analytics/departments,departments,analytics:read
insights,GET,/api/v1/analytics/policy-usage,policy_usage,analytics:read
insights,GET,/api/v1/analytics/resolution-times,resolution_times,analytics:read
insights,GET,/api/v1/reports,report_catalog,reports:export
insights,GET,/api/v1/reports/{key},build_report,reports:export
knowledge,GET,/api/v1/documents,list_documents,knowledge:read
knowledge,POST,/api/v1/documents/preview,preview_document,knowledge:manage
knowledge,POST,/api/v1/documents,upload_document,knowledge:manage
knowledge,GET,/api/v1/documents/{doc_id},get_document,knowledge:read
knowledge,GET,/api/v1/documents/{doc_id}/versions/{version},get_version,knowledge:read
knowledge,POST,/api/v1/documents/{doc_id}/versions/{version}/status,set_version_status,knowledge:manage
knowledge,GET,/api/v1/documents/{doc_id}/versions/{version}/download,download_version,knowledge:read
knowledge,GET,/api/v1/documents/{doc_id}/impact,document_impact,knowledge:read
knowledge,GET,/api/v1/knowledge/search,search,knowledge:read
knowledge,GET,/api/v1/knowledge/conflicts,conflicts,knowledge:read
knowledge,GET,/api/v1/knowledge/stats,stats,knowledge:read
quality,GET,/api/v1/evaluation/datasets,list_datasets,evaluation:read
quality,POST,/api/v1/evaluation/runs,start_run,evaluation:run
quality,POST,/api/v1/evaluation/runs/upload,start_run_upload,evaluation:run
quality,GET,/api/v1/evaluation/runs,list_runs,evaluation:read
quality,GET,/api/v1/evaluation/runs/{run_id},get_run,evaluation:read
quality,POST,/api/v1/evaluation/runs/{run_id}/cancel,cancel_run,evaluation:run
quality,GET,/api/v1/evaluation/runs/{run_id}/results,run_results,evaluation:read
quality,GET,/api/v1/evaluation/runs/{run_id}/report,run_report,reports:export
quality,GET,/api/v1/lab/scenarios,lab_scenarios,lab:use
quality,POST,/api/v1/lab/runs,lab_run,lab:use
quality,POST,/api/v1/lab/runs/all,lab_run_all,lab:use
quality,GET,/api/v1/lab/runs,lab_runs,lab:use
quality,POST,/api/v1/lab/document-scan,lab_document_scan,lab:use
quality,GET,/api/v1/lab/access-matrix,access_matrix,lab:use
reviews,GET,/api/v1/reviews,review_queue,review:read
reviews,GET,/api/v1/reviews/{review_id},get_review,review:read
reviews,POST,/api/v1/reviews/{review_id}/claim,claim_review,review:act
reviews,POST,/api/v1/reviews/{review_id}/actions,review_action,review:act
rules,GET,/api/v1/rules,list_rules,rules:read
rules,GET,/api/v1/rules/meta,rules_meta,rules:read
rules,GET,/api/v1/rules/{rule_type}/{rule_id},get_rule,rules:read
rules,PUT,/api/v1/rules/{rule_type}/{rule_id},upsert_rule,rules:manage
rules,POST,/api/v1/rules/{rule_type}/{rule_id}/active,toggle_rule,rules:manage
rules,PUT,/api/v1/rule-parameters/{key},update_parameter,rules:manage
rules,POST,/api/v1/rules/validate,validate_rules,rules:read
rules,POST,/api/v1/rules/simulate,simulate,rules:read
rules,GET,/api/v1/rules/export,export_rules,rules:read
rules,GET,/api/v1/taxonomy,taxonomy,rules:read
rules,POST,/api/v1/taxonomy/categories,create_category,taxonomy:manage
rules,POST,/api/v1/taxonomy/subcategories,create_subcategory,taxonomy:manage
rules,POST,/api/v1/taxonomy/departments,create_department,taxonomy:manage
rules,GET,/api/v1/prompts,list_prompts,rules:read
rules,POST,/api/v1/prompts/{key}/versions,create_prompt_version,prompts:manage
rules,POST,/api/v1/prompts/{key}/versions/{version}/activate,activate_prompt,prompts:manage
rules,GET,/api/v1/ai/status,ai_status,rules:read
rules,GET,/api/v1/ai/runs,ai_runs,evaluation:read
rules,POST,/api/v1/rules/reset-to-baseline,reset_to_baseline,rules:manage
system,GET,/api/v1/health,health,public
system,GET,/api/v1/audit,audit_log,"audit:read,audit:read_complaint"
system,GET,/api/v1/audit/verify,verify,audit:read
system,GET,/api/v1/audit/export,export,audit:read
system,GET,/api/v1/complaints/{ref}/audit,complaint_audit,"audit:read,audit:read_complaint,complaint:read_all"
system,GET,/api/v1/system/info,system_info,current_user
