table,columns,primary_key,column_names,foreign_keys,indexes
categories,6,id,id; code; name; description; is_active; created_at,,ix_categories_code
customers,7,id,id; customer_ref; full_name; email; phone; customer_type; created_at,,ix_customers_customer_ref; ix_customers_email
departments,6,id,id; code; name; description; is_active; created_at,,ix_departments_code
documents,7,id,id; doc_id; title; doc_type; owner_department; topics; created_at,,ix_documents_doc_id; ix_documents_doc_type
evaluation_cases,5,id,id; case_id; split; record; loaded_at,,ix_evaluation_cases_case_id; ix_evaluation_cases_split
products,9,id,id; sku; name; line; type; price; warranty_months; hazard_class; aliases,,ix_products_sku
prompts,4,id,id; prompt_key; description; created_at,,ix_prompts_prompt_key
roles,5,id,id; code; name; description; permissions,,ix_roles_code
orders,8,id,id; order_ref; customer_id; order_date; order_total; status; data; created_at,customer_id->customers,ix_orders_customer_id; ix_orders_order_ref
subcategories,7,id,id; code; category_id; name; description; is_active; created_at,category_id->categories,ix_subcategories_category_id; ix_subcategories_code
users,12,id,id; email; full_name; password_hash; role_id; department_id; customer_id; is_active; last_login_at; failed_logins; locked_until; created_at,role_id->roles; department_id->departments; customer_id->customers,ix_users_customer_id; ix_users_department_id; ix_users_email; ix_users_role_id
audit_logs,14,id,id; created_at; actor_id; actor_label; actor_role; action; entity_type; entity_id; summary; details; ip_address; request_id; prev_hash; hash,actor_id->users,ix_audit_logs_action; ix_audit_logs_created_at; ix_audit_logs_entity_id; ix_audit_logs_entity_type
complaints,50,id,id; complaint_ref; customer_id; submitted_by_id; source; dataset_case_id; title; description; supporting_info; customer_type; channel; product_text; order_ref; transaction_ref; previous_complaint_ref; preferred_contact; requested_resolution; requested_tone; complaint_date; description_normalized; text_hash; embedding; preprocessing; status; processing_stage; verification_status; verification_score; needs_review; category_code; subcategory_code; department_code; urgency; priority; sentiment; product_sku; escalation_level; escalation_required; sla_state; ai_python_agreement; is_duplicate; duplicate_of_id; is_repeat; repeat_of_id; injection_detected; assigned_agent_id; updated_at; analyzed_at; resolved_at; closed_at; created_at,customer_id->customers; submitted_by_id->users; duplicate_of_id->complaints; repeat_of_id->complaints; assigned_agent_id->users,ix_complaints_assigned_agent_id; ix_complaints_category_created; ix_complaints_complaint_ref; ix_complaints_customer_created; ix_complaints_dataset_case_id; ix_complaints_department_status; ix_complaints_escalation_required; ix_complaints_needs_review; ix_complaints_order_ref; ix_complaints_priority; ix_complaints_product_sku; ix_complaints_sla_state; ix_complaints_status; ix_complaints_status_created; ix_complaints_subcategory_code; ix_complaints_text_hash; ix_complaints_verification_status
document_versions,24,id,id; document_id; version; status; effective_date; expiry_date; file_name; file_format; mime_type; size_bytes; sha256; storage_path; page_count; parse_status; parse_error; section_count; chunk_count; supersedes; security_findings; facts; extra; uploaded_by_id; uploaded_at; status_changed_at,document_id->documents; uploaded_by_id->users,ix_document_versions_document_id; ix_document_versions_sha256; ix_document_versions_status
evaluation_runs,18,id,id; status; split; label; provider; model; fault_injection; prompt_versions; ruleset_hash; n_cases; n_done; metrics; report_paths; error; duration_seconds; created_by_id; completed_at; created_at,created_by_id->users,
prompt_versions,12,id,id; prompt_id; version; status; system_template; user_template; output_schema; params; changelog; sha256; created_by_id; created_at,prompt_id->prompts; created_by_id->users,ix_prompt_versions_prompt_id
rules,11,id,id; rule_id; rule_type; subcategory_code; name; body; is_active; version; updated_by_id; updated_at; created_at,updated_by_id->users,ix_rules_rule_id; ix_rules_rule_type; ix_rules_subcategory_code
system_settings,4,key,key; value; updated_by_id; updated_at,updated_by_id->users,
analyses,19,id,id; complaint_id; version_no; trigger; status; provider; model; fault_injection; prompt_versions; policy_versions; ruleset_hash; output; communication; retrieval; stage_timings; error; total_latency_ms; completed_at; created_at,complaint_id->complaints,ix_analyses_complaint_id
complaint_attachments,8,id,id; complaint_id; file_name; content_type; size_bytes; sha256; storage_path; created_at,complaint_id->complaints,ix_complaint_attachments_complaint_id
complaint_history,10,id,id; complaint_id; event_type; from_status; to_status; actor_id; actor_label; message; data; created_at,complaint_id->complaints; actor_id->users,ix_complaint_history_complaint_id
document_chunks,14,id,id; chunk_uid; version_id; section_id; heading; page_start; page_end; text; token_count; embedding; embedding_model; is_quarantined; quarantine_reason; order_index,version_id->document_versions,ix_document_chunks_chunk_uid; ix_document_chunks_version_id
document_sections,9,id,id; version_id; section_id; heading; level; page_start; page_end; text; order_index,version_id->document_versions,ix_document_sections_version_id
escalations,14,id,id; complaint_id; level; rank; reason; source; rule_ids; departments; notes; status; created_by_id; acknowledged_at; resolved_at; created_at,complaint_id->complaints; created_by_id->users,ix_escalations_complaint_id; ix_escalations_status
evaluation_results,11,id,id; run_id; case_id; difficulty_type; expected; ai; python; comparison; verification_status; verification_score; explanation,run_id->evaluation_runs,ix_evaluation_results_case_id; ix_evaluation_results_run_id
follow_ups,10,id,id; complaint_id; type; message; due_at; status; source_rule; created_by_id; sent_at; created_at,complaint_id->complaints; created_by_id->users,ix_follow_ups_complaint_id; ix_follow_ups_due_at; ix_follow_ups_status
sla_records,15,id,id; complaint_id; priority; rule_id; started_at; first_response_due_at; resolution_due_at; first_response_at; resolved_at; response_state; resolution_state; at_risk_flagged_at; breached_at; breach_escalated; updated_at,complaint_id->complaints,ix_sla_records_resolution_due_at; ix_sla_records_resolution_state
ai_runs,19,id,id; complaint_id; analysis_id; stage; attempt; provider; model; prompt_key; prompt_version; request; response_text; parsed_ok; error_type; error_message; latency_ms; input_tokens; output_tokens; fault_injection; created_at,complaint_id->complaints; analysis_id->analyses,ix_ai_runs_analysis_id; ix_ai_runs_complaint_id
customer_responses,16,id,id; complaint_id; analysis_id; version_no; kind; tone; subject; body; status; source; validation; approved_by_id; approved_at; sent_at; sent_via; created_at,complaint_id->complaints; analysis_id->analyses; approved_by_id->users,ix_customer_responses_complaint_id
policy_references,11,id,id; analysis_id; doc_id; version; section_id; chunk_uid; cited_by; applicability; is_active_version; valid; note,analysis_id->analyses,ix_policy_references_analysis_id; ix_policy_references_doc_id
resolutions,11,id,id; complaint_id; analysis_id; ai_steps; validated_steps; eligibility; status; source; decided_by_id; decided_at; created_at,complaint_id->complaints; analysis_id->analyses; decided_by_id->users,ix_resolutions_complaint_id
validation_results,14,id,id; analysis_id; complaint_id; overall_status; verification_score; decision; dimension_scores; python_expected; comparison; validated_decision; review_reasons; counts; ruleset_hash; created_at,analysis_id->analyses; complaint_id->complaints,ix_validation_results_complaint_id
reviews,15,id,id; complaint_id; analysis_id; validation_result_id; status; reason_codes; reasons; priority; assigned_to_id; started_at; completed_at; final_decision; original_snapshot; final_snapshot; created_at,complaint_id->complaints; analysis_id->analyses; validation_result_id->validation_results; assigned_to_id->users,ix_reviews_assigned_to_id; ix_reviews_complaint_id; ix_reviews_status
validation_checks,12,id,id; result_id; code; name; dimension; severity; status; message; expected; actual; rule_refs; policy_refs,result_id->validation_results,ix_validation_checks_code; ix_validation_checks_dimension; ix_validation_checks_result_id; ix_validation_checks_status
review_actions,10,id,id; review_id; action; payload; comment; before; after; actor_id; actor_label; created_at,review_id->reviews; actor_id->users,ix_review_actions_review_id
