split,dimension,value,complaints
dev,category,ACC,49
dev,category,BIL,91
dev,category,DEL,68
dev,category,PRD,64
dev,category,PRV,47
dev,category,REF,72
dev,category,SAF,50
dev,category,STF,40
dev,category,SVC,45
dev,category,TEC,49
dev,category,WAR,42
dev,subcategory,ACC-LGN,14
dev,subcategory,ACC-UNA,24
dev,subcategory,ACC-UPD,11
dev,subcategory,BIL-CAN,16
dev,subcategory,BIL-DUP,23
dev,subcategory,BIL-INC,17
dev,subcategory,BIL-RFM,12
dev,subcategory,BIL-SUB,23
dev,subcategory,DEL-DLY,34
dev,subcategory,DEL-LST,21
dev,subcategory,DEL-WRG,13
dev,subcategory,PRD-DOA,23
dev,subcategory,PRD-MAL,25
dev,subcategory,PRD-MIS,16
dev,subcategory,PRV-BRC,20
dev,subcategory,PRV-CON,15
dev,subcategory,PRV-DSR,12
dev,subcategory,REF-DLY,25
dev,subcategory,REF-PAR,14
dev,subcategory,REF-REQ,33
dev,subcategory,SAF-ELC,12
dev,subcategory,SAF-INJ,10
dev,subcategory,SAF-OVH,28
dev,subcategory,STF-MIN,14
dev,subcategory,STF-MIS,13
dev,subcategory,STF-RUD,13
dev,subcategory,SVC-INS,14
dev,subcategory,SVC-OUT,14
dev,subcategory,SVC-SUP,17
dev,subcategory,TEC-APP,16
dev,subcategory,TEC-CON,20
dev,subcategory,TEC-SET,13
dev,subcategory,WAR-CLM,17
dev,subcategory,WAR-CPL,14
dev,subcategory,WAR-DEN,11
dev,difficulty_type,ambiguous,22
dev,difficulty_type,contradictory_policy,32
dev,difficulty_type,emotional_low_priority,22
dev,difficulty_type,exact_duplicate,9
dev,difficulty_type,high_value,5
dev,difficulty_type,incomplete,38
dev,difficulty_type,multi_issue,51
dev,difficulty_type,near_duplicate,11
dev,difficulty_type,policy_exception,1
dev,difficulty_type,prompt_injection,31
dev,difficulty_type,repeat,17
dev,difficulty_type,simple,350
dev,difficulty_type,unsupported_compensation,8
dev,difficulty_type,unsupported_refund,12
dev,difficulty_type,vip_minor,8
dev,channel,chat,90
dev,channel,email,144
dev,channel,mobile_app,58
dev,channel,phone,71
dev,channel,social_media,47
dev,channel,uploaded,37
dev,channel,web_form,170
dev,customer_type,business,61
dev,customer_type,care_plus,135
dev,customer_type,individual,356
dev,customer_type,vip,65
dev,sentiment,Negative,204
dev,sentiment,Neutral,307
dev,sentiment,Positive,4
dev,sentiment,Strongly Negative,102
dev,priority,P0,97
dev,priority,P1,23
dev,priority,P2,310
dev,priority,P3,187
dev,escalation_level,Compliance Review,43
dev,escalation_level,Critical Management Escalation,30
dev,escalation_level,Department Manager,28
dev,escalation_level,No Escalation,411
dev,escalation_level,Specialist Team,46
dev,escalation_level,Supervisor Review,59
dev,department,DEPT-BIL,91
dev,department,DEPT-CMP,47
dev,department,DEPT-CRL,71
dev,department,DEPT-LOG,84
dev,department,DEPT-RET,95
dev,department,DEPT-SAF,50
dev,department,DEPT-SEC,38
dev,department,DEPT-TEC,99
dev,department,DEPT-WAR,42
dev,requested_tone,concise,137
dev,requested_tone,empathetic,158
dev,requested_tone,formal,105
dev,requested_tone,professional,217
dev,requested_resolution,cancellation,3
dev,requested_resolution,compensation,42
dev,requested_resolution,explanation,80
dev,requested_resolution,none,5
dev,requested_resolution,other,94
dev,requested_resolution,refund,205
dev,requested_resolution,repair,79
dev,requested_resolution,replacement,109
holdout,category,ACC,15
holdout,category,BIL,16
holdout,category,DEL,17
holdout,category,PRD,13
holdout,category,PRV,12
holdout,category,REF,17
holdout,category,SAF,14
holdout,category,STF,9
holdout,category,SVC,14
holdout,category,TEC,14
holdout,category,WAR,13
holdout,subcategory,ACC-LGN,4
holdout,subcategory,ACC-UNA,8
holdout,subcategory,ACC-UPD,3
holdout,subcategory,BIL-CAN,3
holdout,subcategory,BIL-DUP,3
holdout,subcategory,BIL-INC,3
holdout,subcategory,BIL-RFM,4
holdout,subcategory,BIL-SUB,3
holdout,subcategory,DEL-DLY,9
holdout,subcategory,DEL-LST,6
holdout,subcategory,DEL-WRG,2
holdout,subcategory,PRD-DOA,5
holdout,subcategory,PRD-MAL,5
holdout,subcategory,PRD-MIS,3
holdout,subcategory,PRV-BRC,5
holdout,subcategory,PRV-CON,3
holdout,subcategory,PRV-DSR,4
holdout,subcategory,REF-DLY,5
holdout,subcategory,REF-PAR,4
holdout,subcategory,REF-REQ,8
holdout,subcategory,SAF-ELC,4
holdout,subcategory,SAF-INJ,3
holdout,subcategory,SAF-OVH,7
holdout,subcategory,STF-MIN,3
holdout,subcategory,STF-MIS,3
holdout,subcategory,STF-RUD,3
holdout,subcategory,SVC-INS,4
holdout,subcategory,SVC-OUT,4
holdout,subcategory,SVC-SUP,6
holdout,subcategory,TEC-APP,6
holdout,subcategory,TEC-CON,4
holdout,subcategory,TEC-SET,4
holdout,subcategory,WAR-CLM,5
holdout,subcategory,WAR-CPL,4
holdout,subcategory,WAR-DEN,4
holdout,difficulty_type,ambiguous,4
holdout,difficulty_type,contradictory_policy,6
holdout,difficulty_type,emotional_low_priority,9
holdout,difficulty_type,exact_duplicate,1
holdout,difficulty_type,high_value,2
holdout,difficulty_type,incomplete,6
holdout,difficulty_type,multi_issue,8
holdout,difficulty_type,near_duplicate,1
holdout,difficulty_type,prompt_injection,6
holdout,difficulty_type,repeat,4
holdout,difficulty_type,simple,101
holdout,difficulty_type,unsupported_compensation,1
holdout,difficulty_type,unsupported_refund,4
holdout,difficulty_type,vip_minor,1
holdout,channel,chat,26
holdout,channel,email,39
holdout,channel,mobile_app,13
holdout,channel,phone,13
holdout,channel,social_media,7
holdout,channel,uploaded,10
holdout,channel,web_form,46
holdout,customer_type,business,19
holdout,customer_type,care_plus,29
holdout,customer_type,individual,95
holdout,customer_type,vip,11
holdout,sentiment,Negative,39
holdout,sentiment,Neutral,95
holdout,sentiment,Positive,1
holdout,sentiment,Strongly Negative,19
holdout,priority,P0,28
holdout,priority,P1,6
holdout,priority,P2,69
holdout,priority,P3,51
holdout,escalation_level,Compliance Review,12
holdout,escalation_level,Critical Management Escalation,9
holdout,escalation_level,Department Manager,5
holdout,escalation_level,No Escalation,98
holdout,escalation_level,Specialist Team,13
holdout,escalation_level,Supervisor Review,17
holdout,department,DEPT-BIL,16
holdout,department,DEPT-CMP,12
holdout,department,DEPT-CRL,19
holdout,department,DEPT-LOG,20
holdout,department,DEPT-RET,22
holdout,department,DEPT-SAF,14
holdout,department,DEPT-SEC,12
holdout,department,DEPT-TEC,26
holdout,department,DEPT-WAR,13
holdout,requested_tone,concise,44
holdout,requested_tone,empathetic,29
holdout,requested_tone,formal,26
holdout,requested_tone,professional,55
holdout,requested_resolution,cancellation,1
holdout,requested_resolution,compensation,10
holdout,requested_resolution,explanation,20
holdout,requested_resolution,none,1
holdout,requested_resolution,other,30
holdout,requested_resolution,refund,43
holdout,requested_resolution,repair,23
holdout,requested_resolution,replacement,26
