rule_id,name,trigger,when,level,departments,policy_refs,reason
ESC-001,Fire,safety,"{""signal"": ""fire_event""}",Critical Management Escalation,DEPT-SAF; DEPT-MGT,ESC-SOP-12:4.1; SAF-POL-10:4.4,"Product fire, smoke or explosion reported."
ESC-002,Overheating or battery swelling,safety,"{""signal"": ""overheating""}",Specialist Team,DEPT-SAF,ESC-SOP-12:4.1; SAF-POL-10:4.4,Overheating or battery hazard reported.
ESC-003,Sparks or electric shock,safety,"{""signal"": ""electrical_hazard""}",Specialist Team,DEPT-SAF,ESC-SOP-12:4.1; SAF-POL-10:4.4,Electrical hazard reported.
ESC-004,Injury reported,safety,"{""signal"": ""injury""}",Critical Management Escalation,DEPT-SAF; DEPT-MGT; DEPT-CMP,ESC-SOP-12:4.1; SAF-POL-10:7.3,A person was injured by a product.
ESC-005,Child involved in a safety incident,safety,"{""all"": [{""signal"": ""child_involved""}, {""any_signal"": [""fire_event"", ""overheating"", ""electrical_hazard"", ""injury""]}]}",Critical Management Escalation,DEPT-SAF; DEPT-MGT,ESC-SOP-12:4.1; SAF-POL-10:4.4,Safety incident involving a child.
ESC-006,Recall-related complaint,safety,"{""signal"": ""recall_mention""}",Specialist Team,DEPT-SAF,ESC-SOP-12:4.14; SAF-POL-10:8.1,Complaint references a product recall.
ESC-007,Safety subcategory without explicit hazard terms,safety,"{""subcategory_in"": [""SAF-OVH"", ""SAF-ELC""]}",Specialist Team,DEPT-SAF,ESC-SOP-12:4.1,Complaint classified as a product safety hazard.
ESC-008,Injury subcategory,safety,"{""subcategory_in"": [""SAF-INJ""]}",Critical Management Escalation,DEPT-SAF; DEPT-MGT; DEPT-CMP,ESC-SOP-12:4.1; SAF-POL-10:4.4,Complaint classified as an injury incident.
ESC-009,Unauthorized account access,security,"{""any"": [{""signal"": ""security_breach""}, {""subcategory_in"": [""ACC-UNA""]}]}",Specialist Team,DEPT-SEC,ESC-SOP-12:4.2; SEC-POL-09:4.3,Suspected unauthorized access or account takeover.
ESC-010,Smart-lock unexplained unlock,security,"{""signal"": ""lock_security""}",Critical Management Escalation,DEPT-SEC; DEPT-MGT,ESC-SOP-12:4.2; SEC-POL-09:5.3,Physical home security compromised (unexplained smart-lock event).
ESC-011,Fraudulent payment,security,"{""signal"": ""fraud""}",Specialist Team,DEPT-SEC; DEPT-BIL,ESC-SOP-12:4.2; BIL-POL-05:9,Suspected fraudulent payment activity.
ESC-012,Personal data or footage exposed,privacy,"{""any"": [{""signal"": ""privacy_breach""}, {""subcategory_in"": [""PRV-BRC""]}]}",Compliance Review,DEPT-CMP,ESC-SOP-12:4.3; PRV-POL-08:7.2,Possible exposure of personal data or footage (privacy incident).
ESC-013,Data shared or sold without consent,privacy,"{""all"": [{""signal"": ""consent_violation""}, {""text_matches"": ""\\b(sold|selling|shared|sharing|passed|gave)\\b.{0,40}\\b(data|information|details|email|number)\\b|\\bthird[- ]part(y|ies)\\b|\\bpartners?\\b""}]}",Compliance Review,DEPT-CMP,ESC-SOP-12:4.3; PRV-POL-08:5.3,Personal data reportedly shared without consent.
ESC-014,Overdue data-rights request,privacy,"{""all"": [{""any"": [{""signal"": ""data_rights_request""}, {""subcategory_in"": [""PRV-DSR""]}]}, {""fact"": ""complaint.max_elapsed_days"", ""op"": ""gt"", ""value"": ""$param:dsar_fulfilment_days""}]}",Compliance Review,DEPT-CMP,ESC-SOP-12:4.3; PRV-POL-08:4.3,Data-rights request overdue beyond the 30-day limit.
ESC-015,Children's data involved,privacy,"{""all"": [{""signal"": ""minors_data""}, {""any"": [{""category_in"": [""PRV""]}, {""any_signal"": [""privacy_breach"", ""consent_violation""]}]}]}",Compliance Review,DEPT-CMP,ESC-SOP-12:4.3,Privacy matter involving children's data.
ESC-016,Legal threat or regulator mention,legal,"{""signal"": ""legal_threat""}",Compliance Review,DEPT-CMP,ESC-SOP-12:4.4; CMP-GDL-19:3.2,Customer threatens legal action or refers to a regulator.
ESC-017,Repeat unresolved complaint (2 prior),repeat,"{""fact"": ""history.unresolved_prior_same_issue"", ""op"": ""gte"", ""value"": ""$param:repeat_supervisor_threshold""}",Supervisor Review,$primary_department,ESC-SOP-12:4.5; CHP-POL-01:7.2,Repeat complaint with prior unresolved complaints on the same issue.
ESC-018,Repeat unresolved complaint (3+ prior),repeat,"{""fact"": ""history.unresolved_prior_same_issue"", ""op"": ""gte"", ""value"": ""$param:repeat_manager_threshold""}",Department Manager,$primary_department; DEPT-MGT,ESC-SOP-12:4.5,Three or more prior unresolved complaints on the same issue.
ESC-019,Reopened complaint,repeat,"{""fact"": ""history.references_resolved_complaint"", ""op"": ""eq"", ""value"": true}",Supervisor Review,$primary_department,ESC-SOP-12:4.5; CHP-POL-01:8.2,Complaint reopens a previously resolved complaint (failed resolution).
ESC-020,High-value dispute (USD 500+),high_value,"{""fact"": ""case.claimed_amount"", ""op"": ""gte"", ""value"": ""$param:high_value_supervisor_usd""}",Supervisor Review,$primary_department,ESC-SOP-12:4.6,Disputed or claimed amount of USD 500 or more.
ESC-021,High-value dispute (USD 1,high_value,"{""fact"": ""case.claimed_amount"", ""op"": ""gte"", ""value"": ""$param:high_value_manager_usd""}",Department Manager,$primary_department; DEPT-MGT,ESC-SOP-12:4.6,"Disputed or claimed amount of USD 1,500 or more."
ESC-022,High-value business account order,high_value,"{""all"": [{""fact"": ""complaint.customer_type"", ""op"": ""eq"", ""value"": ""business""}, {""fact"": ""order.order_total"", ""op"": ""gte"", ""value"": ""$param:business_high_value_usd""}]}",Department Manager,$primary_department; DEPT-MGT,ESC-SOP-12:4.6,"Business-account order of USD 2,500 or more affected."
ESC-023,High-value lost order,high_value,"{""all"": [{""subcategory_in"": [""DEL-LST""]}, {""fact"": ""order.order_total"", ""op"": ""gte"", ""value"": ""$param:high_value_supervisor_usd""}]}",Supervisor Review,DEPT-LOG,DEL-POL-04:6.3; ESC-SOP-12:4.6,Lost order valued at USD 500 or more requires Supervisor Review.
ESC-024,Severe service failure,service_failure,"{""signal"": ""severe_service_failure""}",Department Manager,DEPT-TEC; DEPT-MGT,ESC-SOP-12:4.7,Service outage causing lost recordings or disabled home security.
ESC-025,Critical customer impact,critical_impact,"{""signal"": ""critical_impact""}",Specialist Team,$primary_department,ESC-SOP-12:4.8,"Critical impact on the customer's home (locked out, no heating/cooling, medical dependence)."
ESC-026,Vulnerable person with critical impact,critical_impact,"{""all"": [{""signal"": ""vulnerable_customer""}, {""signal"": ""critical_impact""}]}",Critical Management Escalation,$primary_department; DEPT-MGT,ESC-SOP-12:4.8; CMP-GDL-19:5.2,Critical impact affecting a vulnerable person.
ESC-027,Policy exception requested,policy_exception,"{""signal"": ""policy_exception_request""}",Supervisor Review,$primary_department,ESC-SOP-12:4.9; REF-POL-02:7.1,Customer requests an outcome outside policy limits or windows.
ESC-028,Refund requested outside the refund window,policy_exception,"{""all"": [{""any"": [{""signal"": ""refund_request""}, {""fact"": ""complaint.requested_resolution"", ""op"": ""eq"", ""value"": ""refund""}]}, {""fact"": ""eligibility.within_refund_window"", ""op"": ""eq"", ""value"": false}, {""category_in"": [""REF"", ""PRD"", ""DEL""]}]}",Supervisor Review,DEPT-RET,ESC-SOP-12:4.9; REF-POL-02:7.1,Refund requested outside the eligibility window (policy exception).
ESC-029,Compensation above agent limit,policy_exception,"{""fact"": ""complaint.requested_compensation_amount"", ""op"": ""gt"", ""value"": ""$param:agent_compensation_limit_usd""}",Supervisor Review,$primary_department,ESC-SOP-12:4.9; CPN-POL-11:5.1,Requested compensation exceeds the agent approval limit.
ESC-030,Compensation above supervisor limit,policy_exception,"{""fact"": ""complaint.requested_compensation_amount"", ""op"": ""gt"", ""value"": ""$param:supervisor_compensation_limit_usd""}",Department Manager,$primary_department,ESC-SOP-12:4.9; CPN-POL-11:5.2,Requested compensation exceeds the supervisor approval limit.
ESC-031,Late billing dispute,policy_exception,"{""all"": [{""category_in"": [""BIL""]}, {""fact"": ""eligibility.within_dispute_window"", ""op"": ""eq"", ""value"": false}]}",Supervisor Review,DEPT-BIL,BIL-POL-05:4.3,Billing dispute raised more than 60 days after the charge.
ESC-032,Staff harassment,staff,"{""signal"": ""staff_harassment""}",Compliance Review,DEPT-CMP; DEPT-MGT,ESC-SOP-12:4.10; STF-POL-21:6,"Serious staff misconduct reported (harassment, discrimination or threats)."
ESC-033,Technician property damage or theft,staff,"{""any"": [{""signal"": ""technician_damage_theft""}, {""subcategory_in"": [""STF-MIS""]}]}",Department Manager,DEPT-CRL; DEPT-MGT,ESC-SOP-12:4.10; INS-POL-24:6.2,Property damage or theft allegation against a technician.
ESC-034,Staff commitment outside policy,staff,"{""all"": [{""subcategory_in"": [""STF-MIN""]}, {""text_matches"": ""\\b(promised|assured|guaranteed|told\\s+me\\s+(i|we)\\s+would|said\\s+(i|we)\\s+would)\\b""}]}",Supervisor Review,DEPT-CRL,STF-POL-21:4.2,Staff member made a commitment that must be checked against policy.
ESC-035,Public media threat,reputational,"{""signal"": ""media_threat""}",Supervisor Review,DEPT-CRL,ESC-SOP-12:4.12,Customer threatens public or media exposure.
ESC-036,Chargeback threat,reputational,"{""signal"": ""chargeback_threat""}",Supervisor Review,DEPT-BIL,ESC-SOP-12:4.12; BIL-POL-05:7.1,Customer mentions a chargeback or bank dispute.
ESC-037,Replacement also defective,replacement_failure,"{""any"": [{""signal"": ""replacement_failed""}, {""fact"": ""eligibility.replacement_limit_reached"", ""op"": ""eq"", ""value"": true}]}",Supervisor Review,DEPT-WAR; DEPT-RET,ESC-SOP-12:4.13; RPL-POL-03:3.4,The replacement product is also defective.
ESC-038,Warranty denial appeal,warranty_appeal,"{""subcategory_in"": [""WAR-DEN""]}",Supervisor Review,DEPT-WAR,WAR-POL-07:7.2,Warranty denial appeals are reviewed by a Warranty Services supervisor.
ESC-039,SLA breach on P0/P1,sla,"{""all"": [{""fact"": ""sla.breached"", ""op"": ""eq"", ""value"": true}, {""fact"": ""case.priority"", ""op"": ""in"", ""value"": [""P0"", ""P1""]}]}",Department Manager,$primary_department; DEPT-MGT,ESC-SOP-12:4.11; SLA-RUL-15:7.2,SLA breached on a P0/P1 complaint.
