permission,customer,agent,reviewer,manager,admin
analytics:read,,,yes,yes,yes
analytics:read_own,,yes,,,
audit:read,,,,,yes
audit:read_complaint,,,yes,yes,yes
complaint:clarify_own,yes,,,,
complaint:create,yes,yes,,,yes
complaint:read_all,,yes,yes,yes,yes
complaint:read_own,yes,,,,
complaint:reprocess,,yes,yes,,yes
complaint:respond,,yes,yes,,yes
complaint:update,,yes,yes,yes,yes
escalation:create,,yes,yes,yes,yes
evaluation:read,,,yes,yes,yes
evaluation:run,,,,,yes
knowledge:manage,,,,,yes
knowledge:read,,yes,yes,yes,yes
lab:use,,,yes,,yes
prompts:manage,,,,,yes
reports:export,,,yes,yes,yes
review:act,,,yes,yes,yes
review:read,,yes,yes,yes,yes
rules:manage,,,,,yes
rules:read,,yes,yes,yes,yes
settings:manage,,,,,yes
taxonomy:manage,,,,,yes
users:manage,,,,,yes
users:read,,,,yes,yes
