rule_id,subcategory,name,precedence,when,urgency,impact,required_actions,recommended_actions,prohibited_actions,refund,replacement,compensation,escalation,follow_up_type,follow_up_due_hours,timelines,policy_refs
RES-PRD-DOA-01,PRD-DOA,Damaged on arrival - verification pending,10,always,Medium,Medium,VERIFY_ORDER; REQUEST_PHOTO_EVIDENCE,,PROMISE_REFUND_BEFORE_VERIFICATION; GUARANTEE_COMPENSATION,requires_verification,requires_verification,not_applicable,No Escalation,Request for additional information,24,doa_report_days; replacement_dispatch_business_days,RPL-POL-03:3.1
RES-PRD-DOA-02,PRD-DOA,Damaged on arrival reported within 7 days with evidence,30,"{""all"": [{""fact"": ""eligibility.within_doa_window"", ""op"": ""eq"", ""value"": true}, {""fact"": ""complaint.has_photo_evidence"", ""op"": ""eq"", ""value"": true}]}",Medium,Medium,"VERIFY_ORDER; any_of(SHIP_REPLACEMENT, PROCESS_REFUND); ISSUE_RETURN_LABEL",,GUARANTEE_COMPENSATION,eligible,eligible,not_applicable,No Escalation,Replacement-status update,72,replacement_dispatch_business_days; return_label_business_days; refund_issue_business_days,RPL-POL-03:3.1; RPL-POL-03:4.1; RPL-POL-03:4.2; REF-POL-02:6.2
RES-PRD-DOA-03,PRD-DOA,Damage reported after the 7-day window,20,"{""fact"": ""eligibility.within_doa_window"", ""op"": ""eq"", ""value"": false}",Medium,Medium,VERIFY_ORDER,VERIFY_WARRANTY_STATUS; ESCALATE_SUPERVISOR,PROMISE_REFUND_BEFORE_VERIFICATION; GRANT_POLICY_EXCEPTION; SHIP_REPLACEMENT,not_eligible,not_eligible,not_applicable,No Escalation,Resolution confirmation,120,doa_report_days,RPL-POL-03:3.1; RPL-POL-03:3.3
RES-PRD-DOA-04,PRD-DOA,Damaged lithium-battery product - hazardous handling,50,"{""fact"": ""order.is_hazardous"", ""op"": ""eq"", ""value"": true}",High,High,VERIFY_ORDER; ADVISE_STOP_USING; ARRANGE_SPECIALIST_COLLECTION,,SHIP_DAMAGED_BATTERY_BY_MAIL; ISSUE_RETURN_LABEL; DISMISS_SAFETY_CONCERN,requires_verification,requires_verification,not_applicable,No Escalation,Replacement-status update,48,replacement_dispatch_business_days,RPL-POL-03:6.1; SAF-POL-10:5.2
RES-PRD-MAL-01,PRD-MAL,Product malfunction - purchase date unknown,10,always,Medium,Medium,VERIFY_ORDER; REMOTE_TROUBLESHOOTING,,PROMISE_REFUND_BEFORE_VERIFICATION,requires_verification,requires_verification,not_applicable,No Escalation,Resolution confirmation,48,,TEC-GDL-20:2; RPL-POL-03:3.2
RES-PRD-MAL-02,PRD-MAL,Malfunction within 30 days of delivery,30,"{""fact"": ""eligibility.within_defect_window"", ""op"": ""eq"", ""value"": true}",Medium,Medium,VERIFY_ORDER; REMOTE_TROUBLESHOOTING,SHIP_REPLACEMENT; PROCESS_REFUND,GUARANTEE_COMPENSATION,eligible,eligible,not_applicable,No Escalation,Replacement-status update,72,replacement_dispatch_business_days; refund_issue_business_days,REF-POL-02:3.3; RPL-POL-03:3.2
RES-PRD-MAL-03,PRD-MAL,"Malfunction after 30 days, within warranty",20,"{""all"": [{""fact"": ""eligibility.within_defect_window"", ""op"": ""eq"", ""value"": false}, {""fact"": ""eligibility.within_warranty"", ""op"": ""eq"", ""value"": true}]}",Medium,Medium,VERIFY_ORDER; REMOTE_TROUBLESHOOTING; OPEN_WARRANTY_CLAIM,,PROMISE_REFUND_BEFORE_VERIFICATION,not_eligible,requires_verification,not_applicable,No Escalation,Resolution confirmation,240,warranty_decision_business_days,RPL-POL-03:3.3; WAR-POL-07:4.1; WAR-POL-07:4.2
RES-PRD-MAL-04,PRD-MAL,Malfunction outside warranty,25,"{""fact"": ""eligibility.within_warranty"", ""op"": ""eq"", ""value"": false}",Low,Medium,VERIFY_ORDER; REMOTE_TROUBLESHOOTING; VERIFY_WARRANTY_STATUS,,PROMISE_REFUND_BEFORE_VERIFICATION; GRANT_POLICY_EXCEPTION; SHIP_REPLACEMENT,not_eligible,not_eligible,not_applicable,No Escalation,,,,WAR-POL-07:3; WAR-POL-07:5
RES-PRD-MAL-05,PRD-MAL,Replacement unit also defective,40,"{""any"": [{""signal"": ""replacement_failed""}, {""fact"": ""eligibility.replacement_limit_reached"", ""op"": ""eq"", ""value"": true}]}",Medium,Medium,VERIFY_ORDER; LINK_PREVIOUS_COMPLAINT; ESCALATE_SUPERVISOR,,PROMISE_REFUND_BEFORE_VERIFICATION; SHIP_REPLACEMENT,requires_verification,not_eligible,not_applicable,Supervisor Review,Resolution confirmation,72,,RPL-POL-03:3.4; ESC-SOP-12:4.13
RES-PRD-MIS-01,PRD-MIS,Missing part - dispatch at no cost,10,always,Medium,Low,VERIFY_ORDER; SHIP_MISSING_PART,,GUARANTEE_COMPENSATION,not_applicable,eligible,not_applicable,No Escalation,Replacement-status update,120,missing_parts_dispatch_business_days,RPL-POL-03:5.2
RES-PRD-MIS-02,PRD-MIS,Missing part - order reference missing,20,"{""fact"": ""complaint.has_order_reference"", ""op"": ""eq"", ""value"": false}",Medium,Low,REQUEST_ORDER_REFERENCE,,GUARANTEE_COMPENSATION,not_applicable,requires_verification,not_applicable,No Escalation,Request for additional information,24,missing_parts_dispatch_business_days,RPL-POL-03:5.2; CHP-POL-01:4.2
RES-PRD-MIS-03,PRD-MIS,Box delivered empty or product missing,30,"{""text_matches"": ""\\b(empty\\s+box|box\\s+was\\s+empty|nothing\\s+(was\\s+)?inside|device\\s+(itself\\s+)?(was\\s+)?missing)\\b""}",High,Medium,VERIFY_ORDER; INITIATE_CARRIER_TRACE,RESHIP_ORDER,PROMISE_REFUND_BEFORE_VERIFICATION,requires_verification,requires_verification,not_applicable,No Escalation,Resolution confirmation,120,carrier_trace_business_days,DEL-POL-04:6.1; RPL-POL-03:5.2
RES-BIL-DUP-01,BIL-DUP,Duplicate charge - verification pending,10,always,High,Medium,CHECK_TRANSACTION,REVERSE_DUPLICATE_CHARGE,PROMISE_REFUND_BEFORE_VERIFICATION; REQUEST_SENSITIVE_CREDENTIALS,requires_verification,not_applicable,not_applicable,No Escalation,Refund-status update,48,duplicate_reversal_business_days; bank_posting_max_business_days,BIL-POL-05:4.1
RES-BIL-DUP-02,BIL-DUP,Duplicate charge verified in transaction records,30,"{""fact"": ""order.duplicate_charge_verified"", ""op"": ""eq"", ""value"": true}",High,Medium,CHECK_TRANSACTION; REVERSE_DUPLICATE_CHARGE,,REQUEST_SENSITIVE_CREDENTIALS; GUARANTEE_COMPENSATION,eligible,not_applicable,not_applicable,No Escalation,Refund-status update,48,duplicate_reversal_business_days; bank_posting_max_business_days,BIL-POL-05:4.1
RES-BIL-DUP-03,BIL-DUP,No duplicate found in transaction records,20,"{""fact"": ""order.duplicate_charge_verified"", ""op"": ""eq"", ""value"": false}",Medium,Medium,CHECK_TRANSACTION; REQUEST_ADDITIONAL_INFO,,PROMISE_REFUND_BEFORE_VERIFICATION; REVERSE_DUPLICATE_CHARGE,not_eligible,not_applicable,not_applicable,No Escalation,Request for additional information,24,,BIL-POL-05:4.1
RES-BIL-DUP-04,BIL-DUP,Duplicate charge raised after the 60-day dispute window,40,"{""fact"": ""eligibility.within_dispute_window"", ""op"": ""eq"", ""value"": false}",Medium,Medium,CHECK_TRANSACTION; ESCALATE_SUPERVISOR,,PROMISE_REFUND_BEFORE_VERIFICATION; GRANT_POLICY_EXCEPTION,requires_verification,not_applicable,not_applicable,Supervisor Review,Resolution confirmation,120,,BIL-POL-05:4.3
RES-BIL-INC-01,BIL-INC,Incorrect charge - investigation,10,always,Medium,Medium,CHECK_TRANSACTION,CORRECT_BILLING_ERROR,PROMISE_REFUND_BEFORE_VERIFICATION; REQUEST_SENSITIVE_CREDENTIALS,requires_verification,not_applicable,not_applicable,No Escalation,Resolution confirmation,120,incorrect_charge_investigation_business_days,BIL-POL-05:4.2
RES-BIL-INC-02,BIL-INC,Overcharge verified against the order price,30,"{""fact"": ""order.overcharge_verified"", ""op"": ""eq"", ""value"": true}",Medium,Medium,CHECK_TRANSACTION; CORRECT_BILLING_ERROR,,GUARANTEE_COMPENSATION,eligible,not_applicable,not_applicable,No Escalation,Refund-status update,120,incorrect_charge_investigation_business_days; bank_posting_max_business_days,BIL-POL-05:4.2
RES-BIL-INC-03,BIL-INC,Incorrect charge raised after the dispute window,40,"{""fact"": ""eligibility.within_dispute_window"", ""op"": ""eq"", ""value"": false}",Medium,Medium,CHECK_TRANSACTION; ESCALATE_SUPERVISOR,,PROMISE_REFUND_BEFORE_VERIFICATION; GRANT_POLICY_EXCEPTION,requires_verification,not_applicable,not_applicable,Supervisor Review,Resolution confirmation,120,,BIL-POL-05:4.3
RES-BIL-RFM-01,BIL-RFM,Refund missing - check refund status,10,always,Medium,Medium,CHECK_REFUND_STATUS,,PROMISE_REFUND_BEFORE_VERIFICATION; REQUEST_SENSITIVE_CREDENTIALS,requires_verification,not_applicable,not_applicable,No Escalation,Refund-status update,72,bank_posting_max_business_days; refund_trace_after_business_days,REF-POL-02:4.4; BIL-POL-05:6.1
RES-BIL-RFM-02,BIL-RFM,Issued refund not received after 10 business days - payment trace,30,"{""fact"": ""eligibility.refund_trace_due"", ""op"": ""eq"", ""value"": true}",Medium,Medium,CHECK_REFUND_STATUS; OPEN_PAYMENT_TRACE,,REQUEST_SENSITIVE_CREDENTIALS; GUARANTEE_COMPENSATION,eligible,not_applicable,not_applicable,No Escalation,Refund-status update,72,refund_trace_reference_business_days; refund_trace_after_business_days,BIL-POL-05:6.1; BIL-POL-05:6.2; REF-POL-02:5.2
RES-BIL-RFM-03,BIL-RFM,Issued refund still within bank posting time,20,"{""fact"": ""eligibility.refund_trace_due"", ""op"": ""eq"", ""value"": false}",Low,Medium,CHECK_REFUND_STATUS,,OPEN_PAYMENT_TRACE; GUARANTEE_COMPENSATION,eligible,not_applicable,not_applicable,No Escalation,Refund-status update,120,bank_posting_max_business_days,REF-POL-02:4.4
RES-BIL-SUB-01,BIL-SUB,Subscription renewal dispute - verification pending,10,always,Medium,Low,CHECK_TRANSACTION; VERIFY_ACCOUNT,CANCEL_SUBSCRIPTION,PROMISE_REFUND_BEFORE_VERIFICATION,requires_verification,not_applicable,not_applicable,No Escalation,Resolution confirmation,72,annual_cooling_off_days; renewal_notice_days,SUB-POL-22:4.1; CAN-POL-06:4.3
RES-BIL-SUB-02,BIL-SUB,Annual renewal cancelled within 14 days - full refund,30,"{""fact"": ""eligibility.within_cooling_off"", ""op"": ""eq"", ""value"": true}",Medium,Low,CHECK_TRANSACTION; CANCEL_SUBSCRIPTION; PROCESS_REFUND,,GUARANTEE_COMPENSATION,eligible,not_applicable,not_applicable,No Escalation,Refund-status update,120,annual_cooling_off_days; refund_issue_business_days,CAN-POL-06:4.3; SUB-POL-22:5
RES-BIL-SUB-03,BIL-SUB,Annual renewal disputed after 14 days - no refund,20,"{""fact"": ""eligibility.within_cooling_off"", ""op"": ""eq"", ""value"": false}",Medium,Low,CHECK_TRANSACTION; CANCEL_SUBSCRIPTION,,PROMISE_REFUND_BEFORE_VERIFICATION; GRANT_POLICY_EXCEPTION; PROCESS_REFUND,not_eligible,not_applicable,not_applicable,No Escalation,,,annual_cooling_off_days,CAN-POL-06:4.3; SUB-POL-22:4.2
RES-BIL-SUB-04,BIL-SUB,Monthly plan - no partial-month refunds,40,"{""fact"": ""order.billing_period"", ""op"": ""eq"", ""value"": ""monthly""}",Low,Low,CHECK_TRANSACTION; CANCEL_SUBSCRIPTION,,PROMISE_REFUND_BEFORE_VERIFICATION; PROCESS_REFUND,not_eligible,not_applicable,not_applicable,No Escalation,,,,CAN-POL-06:4.1; CAN-POL-06:4.2
RES-BIL-CAN-01,BIL-CAN,Charged after cancellation - verification pending,10,always,Medium,Medium,VERIFY_CANCELLATION_RECORD; CHECK_TRANSACTION,,PROMISE_REFUND_BEFORE_VERIFICATION,requires_verification,not_applicable,not_applicable,No Escalation,Refund-status update,120,post_cancellation_refund_business_days,CAN-POL-06:5.1
RES-BIL-CAN-02,BIL-CAN,Confirmed cancellation then charged - refund charge,30,"{""all"": [{""fact"": ""order.cancellation_confirmed"", ""op"": ""eq"", ""value"": true}, {""fact"": ""order.charged_after_cancellation"", ""op"": ""eq"", ""value"": true}]}",Medium,Medium,VERIFY_CANCELLATION_RECORD; REFUND_POST_CANCELLATION_CHARGE,,GUARANTEE_COMPENSATION,eligible,not_applicable,not_applicable,No Escalation,Refund-status update,120,post_cancellation_refund_business_days; bank_posting_max_business_days,CAN-POL-06:5.1
RES-BIL-CAN-03,BIL-CAN,No confirmed cancellation on record,20,"{""fact"": ""order.cancellation_confirmed"", ""op"": ""eq"", ""value"": false}",Medium,Medium,VERIFY_CANCELLATION_RECORD; REQUEST_ADDITIONAL_INFO,,PROMISE_REFUND_BEFORE_VERIFICATION; REFUND_POST_CANCELLATION_CHARGE,not_eligible,not_applicable,not_applicable,No Escalation,Request for additional information,24,,CAN-POL-06:5.1; CAN-POL-06:4.1
RES-BIL-CAN-04,BIL-CAN,Order cancellation requested before dispatch,40,"{""all"": [{""fact"": ""order.dispatched"", ""op"": ""eq"", ""value"": false}, {""fact"": ""order.exists"", ""op"": ""eq"", ""value"": true}]}",Medium,Low,VERIFY_ORDER; CANCEL_ORDER,,GUARANTEE_COMPENSATION,eligible,not_applicable,not_applicable,No Escalation,Refund-status update,120,refund_issue_business_days,CAN-POL-06:3.1
RES-DEL-DLY-01,DEL-DLY,Delayed delivery - verify with carrier,10,always,High,Medium,VERIFY_SHIPMENT_STATUS; CONTACT_CARRIER,,UNSUPPORTED_DELIVERY_DEADLINE; GUARANTEE_COMPENSATION; OFFER_STORE_CREDIT,not_applicable,not_applicable,not_eligible,No Escalation,Resolution confirmation,72,,DEL-POL-04:5.1
RES-DEL-DLY-02,DEL-DLY,Standard order delayed more than 3 business days - delay credit,20,"{""fact"": ""eligibility.delay_qualifies"", ""op"": ""eq"", ""value"": true}",High,Medium,VERIFY_SHIPMENT_STATUS; CONTACT_CARRIER; OFFER_STORE_CREDIT,,UNSUPPORTED_DELIVERY_DEADLINE; GUARANTEE_COMPENSATION,not_applicable,not_applicable,"{""amount_usd"": ""$param:delay_credit_usd"", ""status"": ""eligible"", ""type"": ""store_credit""}",No Escalation,Resolution confirmation,72,,DEL-POL-04:5.1; DEL-POL-04:5.2; CPN-POL-11:6
RES-DEL-DLY-03,DEL-DLY,Late express order - refund express fee,30,"{""all"": [{""fact"": ""order.shipping_method"", ""op"": ""eq"", ""value"": ""express""}, {""fact"": ""order.business_days_late"", ""op"": ""gt"", ""value"": 0}]}",High,Medium,VERIFY_SHIPMENT_STATUS; REFUND_SHIPPING_FEE,,UNSUPPORTED_DELIVERY_DEADLINE; GUARANTEE_COMPENSATION,not_applicable,not_applicable,"{""status"": ""eligible"", ""type"": ""shipping_fee_refund""}",No Escalation,Resolution confirmation,72,,DEL-POL-04:5.3; CPN-POL-11:6
RES-DEL-DLY-04,DEL-DLY,Delayed more than 10 business days - handle as lost package,40,"{""fact"": ""order.business_days_late"", ""op"": ""gt"", ""value"": ""$param:lost_to_delay_threshold_business_days""}",High,Medium,VERIFY_SHIPMENT_STATUS; INITIATE_CARRIER_TRACE,OFFER_STORE_CREDIT; RESHIP_ORDER,UNSUPPORTED_DELIVERY_DEADLINE; GUARANTEE_COMPENSATION; PROMISE_REFUND_BEFORE_VERIFICATION,requires_verification,requires_verification,"{""amount_usd"": ""$param:delay_credit_usd"", ""status"": ""eligible"", ""type"": ""store_credit""}",No Escalation,Resolution confirmation,120,carrier_trace_business_days,DEL-POL-04:5.4; DEL-POL-04:6.1; DEL-POL-04:6.2
RES-DEL-DLY-05,DEL-DLY,Delay caused by customer address error or force majeure - no credit,35,"{""any_signal"": [""customer_address_error"", ""force_majeure""]}",Medium,Low,VERIFY_SHIPMENT_STATUS; CONTACT_CARRIER,,UNSUPPORTED_DELIVERY_DEADLINE; GUARANTEE_COMPENSATION; OFFER_STORE_CREDIT,not_applicable,not_applicable,not_eligible,No Escalation,Resolution confirmation,72,,DEL-POL-04:5.2; CPN-POL-11:7
RES-DEL-LST-01,DEL-LST,Lost package - carrier trace,10,always,High,Medium,VERIFY_SHIPMENT_STATUS; INITIATE_CARRIER_TRACE,,PROMISE_REFUND_BEFORE_VERIFICATION; UNSUPPORTED_DELIVERY_DEADLINE,requires_verification,requires_verification,not_applicable,No Escalation,Resolution confirmation,120,carrier_trace_business_days,DEL-POL-04:6.1; DEL-POL-04:6.2
RES-DEL-LST-02,DEL-LST,Trace completed without locating the package - reship or refund,20,"{""fact"": ""order.trace_completed"", ""op"": ""eq"", ""value"": true}",High,Medium,"VERIFY_SHIPMENT_STATUS; any_of(RESHIP_ORDER, PROCESS_REFUND)",,GUARANTEE_COMPENSATION,eligible,eligible,not_applicable,No Escalation,Resolution confirmation,72,refund_issue_business_days,DEL-POL-04:6.2
RES-DEL-LST-03,DEL-LST,Lost order valued at USD 500 or more,30,"{""fact"": ""order.order_total"", ""op"": ""gte"", ""value"": ""$param:high_value_supervisor_usd""}",High,High,VERIFY_SHIPMENT_STATUS; INITIATE_CARRIER_TRACE; ESCALATE_SUPERVISOR,,PROMISE_REFUND_BEFORE_VERIFICATION; UNSUPPORTED_DELIVERY_DEADLINE,requires_verification,requires_verification,not_applicable,Supervisor Review,Resolution confirmation,120,carrier_trace_business_days,DEL-POL-04:6.3; ESC-SOP-12:4.6
RES-DEL-WRG-01,DEL-WRG,Wrong item - verification pending,10,always,Medium,Medium,VERIFY_ORDER; REQUEST_PHOTO_EVIDENCE,,PROMISE_REFUND_BEFORE_VERIFICATION,requires_verification,requires_verification,not_applicable,No Escalation,Request for additional information,24,wrong_item_dispatch_business_days,RPL-POL-03:5.1
RES-DEL-WRG-02,DEL-WRG,Wrong item on a verified delivered order - ship correct item,20,"{""all"": [{""fact"": ""order.exists"", ""op"": ""eq"", ""value"": true}, {""fact"": ""order.delivered"", ""op"": ""eq"", ""value"": true}]}",Medium,Medium,VERIFY_ORDER; SHIP_CORRECT_ITEM; ISSUE_RETURN_LABEL,,GUARANTEE_COMPENSATION,not_applicable,eligible,not_applicable,No Escalation,Replacement-status update,72,wrong_item_dispatch_business_days; return_label_business_days,RPL-POL-03:5.1
RES-DEL-WRG-03,DEL-WRG,Wrong item - customer prefers a refund,30,"{""all"": [{""fact"": ""order.delivered"", ""op"": ""eq"", ""value"": true}, {""fact"": ""complaint.requested_resolution"", ""op"": ""eq"", ""value"": ""refund""}]}",Medium,Medium,VERIFY_ORDER; ISSUE_RETURN_LABEL,PROCESS_REFUND,GUARANTEE_COMPENSATION,eligible,eligible,not_applicable,No Escalation,Refund-status update,120,return_label_business_days; refund_issue_business_days; return_inspection_business_days,RPL-POL-03:5.1; REF-POL-02:6.2
RES-REF-REQ-01,REF-REQ,Refund request - order verification required,10,always,Medium,Medium,VERIFY_ORDER,REQUEST_ORDER_REFERENCE,PROMISE_REFUND_BEFORE_VERIFICATION,requires_verification,not_applicable,not_applicable,No Escalation,Request for additional information,24,refund_window_days,REF-POL-02:4.1; REF-POL-02:3.1
RES-REF-REQ-02,REF-REQ,Refund request within the refund window,30,"{""fact"": ""eligibility.within_refund_window"", ""op"": ""eq"", ""value"": true}",Medium,Medium,VERIFY_ORDER; ISSUE_RETURN_LABEL; INSPECT_RETURNED_ITEM,PROCESS_REFUND,GUARANTEE_COMPENSATION,eligible,not_applicable,not_applicable,No Escalation,Refund-status update,120,refund_window_days; care_plus_refund_window_days; return_inspection_business_days; refund_issue_business_days; bank_posting_max_business_days; return_label_business_days,REF-POL-02:3.1; REF-POL-02:3.2; REF-POL-02:4.2; REF-POL-02:4.3; REF-POL-02:6.1
RES-REF-REQ-03,REF-REQ,Refund request outside the refund window,20,"{""fact"": ""eligibility.within_refund_window"", ""op"": ""eq"", ""value"": false}",Medium,Low,VERIFY_ORDER,ESCALATE_SUPERVISOR; VERIFY_WARRANTY_STATUS,PROMISE_REFUND_BEFORE_VERIFICATION; GRANT_POLICY_EXCEPTION; PROCESS_REFUND,not_eligible,not_applicable,not_applicable,No Escalation,,,refund_window_days; care_plus_refund_window_days,REF-POL-02:3.1; REF-POL-02:7.1; REF-POL-02:7.2
RES-REF-REQ-04,REF-REQ,Refund request for a non-refundable service,35,"{""fact"": ""complaint.product_sku"", ""op"": ""in"", ""value"": [""SVC-INSTALL""]}",Low,Low,VERIFY_ORDER,SCHEDULE_INSTALL_REVISIT,PROMISE_REFUND_BEFORE_VERIFICATION; PROCESS_REFUND; GRANT_POLICY_EXCEPTION,not_eligible,not_applicable,not_applicable,No Escalation,,,install_revisit_business_days,REF-POL-02:3.4; INS-POL-24:5.1
RES-REF-REQ-05,REF-REQ,Refund request for a product damaged by misuse,40,"{""signal"": ""misuse_damage""}",Low,Low,VERIFY_ORDER,VERIFY_CAREPLUS_COVERAGE,PROMISE_REFUND_BEFORE_VERIFICATION; PROCESS_REFUND; GRANT_POLICY_EXCEPTION,not_eligible,not_eligible,not_applicable,No Escalation,,,,REF-POL-02:3.4; WAR-POL-07:6.2
RES-REF-DLY-01,REF-DLY,Refund delay - check refund status,10,always,Medium,Medium,VERIFY_ORDER; CHECK_REFUND_STATUS,,PROMISE_REFUND_BEFORE_VERIFICATION,requires_verification,not_applicable,not_applicable,No Escalation,Refund-status update,24,refund_issue_business_days; refund_delay_status_update_business_days,REF-POL-02:4.3; REF-POL-02:5.1
RES-REF-DLY-02,REF-DLY,Approved refund not issued within 5 business days,30,"{""fact"": ""eligibility.refund_late"", ""op"": ""eq"", ""value"": true}",Medium,Medium,CHECK_REFUND_STATUS; PROCESS_REFUND,,GUARANTEE_COMPENSATION,eligible,not_applicable,not_applicable,No Escalation,Refund-status update,24,refund_delay_status_update_business_days; bank_posting_max_business_days,REF-POL-02:5.1; REF-POL-02:4.3
RES-REF-DLY-03,REF-DLY,Refund still within the 5 business-day target,20,"{""fact"": ""eligibility.refund_late"", ""op"": ""eq"", ""value"": false}",Low,Medium,CHECK_REFUND_STATUS,,GUARANTEE_COMPENSATION,eligible,not_applicable,not_applicable,No Escalation,Refund-status update,72,refund_issue_business_days; return_inspection_business_days; bank_posting_max_business_days,REF-POL-02:4.2; REF-POL-02:4.3
RES-REF-DLY-04,REF-DLY,Return not yet received by Lumora,25,"{""fact"": ""order.return_received"", ""op"": ""eq"", ""value"": false}",Medium,Medium,VERIFY_SHIPMENT_STATUS; CHECK_REFUND_STATUS,,PROMISE_REFUND_BEFORE_VERIFICATION; PROCESS_REFUND,requires_verification,not_applicable,not_applicable,No Escalation,Refund-status update,48,return_inspection_business_days; refund_issue_business_days,REF-POL-02:4.2; REF-POL-02:4.1
RES-REF-PAR-01,REF-PAR,Partial refund dispute - itemised breakdown,10,always,Low,Low,CHECK_REFUND_STATUS; PROVIDE_FEE_BREAKDOWN,,PROMISE_REFUND_BEFORE_VERIFICATION,requires_verification,not_applicable,not_applicable,No Escalation,Refund-status update,72,partial_refund_breakdown_business_days,REF-POL-02:6.1; REF-POL-02:6.3
RES-REF-PAR-02,REF-PAR,Restocking fee charged where policy exempts it,30,"{""all"": [{""fact"": ""order.restocking_fee_applied"", ""op"": ""eq"", ""value"": true}, {""any"": [{""fact"": ""customer.is_care_plus"", ""op"": ""eq"", ""value"": true}, {""fact"": ""order.return_reason"", ""op"": ""in"", ""value"": [""defective"", ""damaged_on_arrival"", ""wrong_item""]}]}]}",Low,Low,CHECK_REFUND_STATUS; CORRECT_BILLING_ERROR,,GUARANTEE_COMPENSATION,eligible,not_applicable,not_applicable,No Escalation,Refund-status update,120,refund_issue_business_days; partial_refund_breakdown_business_days,REF-POL-02:6.1; REF-POL-02:6.2
RES-REF-PAR-03,REF-PAR,Restocking fee correctly applied,20,"{""all"": [{""fact"": ""order.restocking_fee_applied"", ""op"": ""eq"", ""value"": true}, {""fact"": ""customer.is_care_plus"", ""op"": ""eq"", ""value"": false}, {""fact"": ""order.return_reason"", ""op"": ""in"", ""value"": [""changed_mind"", ""not_needed"", ""other""]}]}",Low,Low,CHECK_REFUND_STATUS; PROVIDE_FEE_BREAKDOWN,,PROMISE_REFUND_BEFORE_VERIFICATION; GRANT_POLICY_EXCEPTION,not_eligible,not_applicable,not_applicable,No Escalation,,,partial_refund_breakdown_business_days,REF-POL-02:6.1; REF-POL-02:6.3
RES-ACC-LGN-01,ACC-LGN,Login problem - verified password reset,10,always,Medium,Medium,VERIFY_IDENTITY; GUIDE_PASSWORD_RESET,,REQUEST_SENSITIVE_CREDENTIALS,not_applicable,not_applicable,not_applicable,No Escalation,Resolution confirmation,48,account_recovery_business_days,SEC-POL-09:7.1; SEC-POL-09:7.2; SEC-POL-09:6
RES-ACC-LGN-02,ACC-LGN,Login problem with signs of compromise,30,"{""signal"": ""security_breach""}",Critical,High,VERIFY_IDENTITY; REVIEW_ACCOUNT_ACTIVITY; REVOKE_SESSIONS; FORCE_PASSWORD_RESET,,REQUEST_SENSITIVE_CREDENTIALS,not_applicable,not_applicable,not_applicable,Specialist Team,Escalation acknowledgement,1,security_response_hours,SEC-POL-09:4.1; SEC-POL-09:4.3
RES-ACC-LGN-03,ACC-LGN,Login blocked by an outdated account email,20,"{""text_matches"": ""\\b(old|previous|former)\\s+email\\b|\\bno\\s+longer\\s+(have|use)\\s+(access\\s+to\\s+)?(that|the|my)\\s+email\\b""}",Medium,Medium,VERIFY_IDENTITY; UPDATE_ACCOUNT_DETAILS; GUIDE_PASSWORD_RESET,,REQUEST_SENSITIVE_CREDENTIALS,not_applicable,not_applicable,not_applicable,No Escalation,Resolution confirmation,48,account_recovery_business_days,SEC-POL-09:6; SEC-POL-09:7.2
RES-ACC-UNA-01,ACC-UNA,Unauthorized account access - contain and investigate,10,always,Critical,High,VERIFY_IDENTITY; LOCK_ACCOUNT; REVOKE_SESSIONS; FORCE_PASSWORD_RESET; REVIEW_ACCOUNT_ACTIVITY; ESCALATE_SPECIALIST_TEAM,,REQUEST_SENSITIVE_CREDENTIALS,not_applicable,not_applicable,not_applicable,Specialist Team,Escalation acknowledgement,1,security_response_hours,SEC-POL-09:4.1; SEC-POL-09:4.2; SEC-POL-09:4.3; ESC-SOP-12:4.2
RES-ACC-UNA-02,ACC-UNA,Unauthorized purchases on a compromised account,30,"{""text_matches"": ""\\b(orders?|purchases?|bought|charged)\\b.{0,40}\\b(did\\s+not|didn't|never)\\s+(place|make|order|buy|authori[sz]e)\\b|\\bunauthori[sz]ed\\s+(orders?|purchases?|charges?)\\b""}",Critical,High,VERIFY_IDENTITY; LOCK_ACCOUNT; REVOKE_SESSIONS; REVIEW_ACCOUNT_ACTIVITY; ESCALATE_SPECIALIST_TEAM,REVERSE_UNAUTHORIZED_PURCHASES,REQUEST_SENSITIVE_CREDENTIALS; PROMISE_REFUND_BEFORE_VERIFICATION,requires_verification,not_applicable,not_applicable,Specialist Team,Escalation acknowledgement,1,security_response_hours,SEC-POL-09:4.1; SEC-POL-09:4.4
RES-ACC-UNA-03,ACC-UNA,Smart-lock security incident,40,"{""signal"": ""lock_security""}",Critical,High,VERIFY_IDENTITY; ADVISE_PHYSICAL_KEY; REVIEW_ACCOUNT_ACTIVITY; REVOKE_SESSIONS; ESCALATE_CRITICAL_MANAGEMENT,,REQUEST_SENSITIVE_CREDENTIALS; DISMISS_SAFETY_CONCERN,not_applicable,not_applicable,not_applicable,Critical Management Escalation,Escalation acknowledgement,1,security_response_hours,SEC-POL-09:5.1; SEC-POL-09:5.2; SEC-POL-09:5.3
RES-ACC-UPD-01,ACC-UPD,Account update issue - verified update,10,always,Low,Low,VERIFY_IDENTITY; UPDATE_ACCOUNT_DETAILS,,REQUEST_SENSITIVE_CREDENTIALS,not_applicable,not_applicable,not_applicable,No Escalation,Resolution confirmation,48,,SEC-POL-09:6
RES-ACC-UPD-02,ACC-UPD,Delivery address change after dispatch,20,"{""all"": [{""fact"": ""order.dispatched"", ""op"": ""eq"", ""value"": true}, {""text_matches"": ""\\baddress\\b""}]}",Medium,Low,VERIFY_ORDER; VERIFY_SHIPMENT_STATUS,,UNSUPPORTED_DELIVERY_DEADLINE; REQUEST_SENSITIVE_CREDENTIALS,not_applicable,not_applicable,not_applicable,No Escalation,Resolution confirmation,48,,DEL-POL-04:4.2
RES-TEC-CON-01,TEC-CON,Connectivity issue - guided troubleshooting,10,always,Medium,Low,REMOTE_TROUBLESHOOTING,FIRMWARE_UPDATE_GUIDANCE,PROMISE_REFUND_BEFORE_VERIFICATION,not_applicable,not_applicable,not_applicable,No Escalation,Resolution confirmation,48,,TEC-GDL-20:2; TEC-GDL-20:3
RES-TEC-CON-02,TEC-CON,Connectivity issue after troubleshooting already attempted,20,"{""text_matches"": ""\\b(already|have)\\s+(tried|restarted|reset|rebooted|reinstalled)\\b|\\b(tried|done)\\s+everything\\b|\\bfactory\\s+reset\\b""}",Medium,Medium,REMOTE_TROUBLESHOOTING; VERIFY_WARRANTY_STATUS,SCHEDULE_TECHNICIAN_VISIT; OPEN_WARRANTY_CLAIM,PROMISE_REFUND_BEFORE_VERIFICATION,not_applicable,requires_verification,not_applicable,No Escalation,Resolution confirmation,48,,TEC-GDL-20:6; TEC-GDL-20:7
RES-TEC-CON-03,TEC-CON,Security device offline,30,"{""fact"": ""complaint.product_line"", ""op"": ""in"", ""value"": [""Security"", ""Platform""]}",Medium,Medium,REMOTE_TROUBLESHOOTING,FIRMWARE_UPDATE_GUIDANCE; SCHEDULE_TECHNICIAN_VISIT,PROMISE_REFUND_BEFORE_VERIFICATION,not_applicable,not_applicable,not_applicable,No Escalation,Resolution confirmation,24,,TEC-GDL-20:3.3
RES-TEC-APP-01,TEC-APP,App or software issue - troubleshooting,10,always,Low,Low,REMOTE_TROUBLESHOOTING; FIRMWARE_UPDATE_GUIDANCE,,PROMISE_REFUND_BEFORE_VERIFICATION; GUARANTEE_COMPENSATION,not_applicable,not_applicable,not_applicable,No Escalation,Resolution confirmation,72,,TEC-GDL-20:4.1
RES-TEC-APP-02,TEC-APP,Firmware update caused a malfunction - rollback,20,"{""text_matches"": ""\\b(after|since)\\s+(the\\s+)?(latest\\s+|last\\s+|recent\\s+|new\\s+)?(firmware|software|app)?\\s*update\\b""}",Medium,Medium,FIRMWARE_UPDATE_GUIDANCE,REMOTE_TROUBLESHOOTING,PROMISE_REFUND_BEFORE_VERIFICATION,not_applicable,not_applicable,not_applicable,No Escalation,Resolution confirmation,48,,TEC-GDL-20:4.2
RES-TEC-SET-01,TEC-SET,Setup issue - guided setup,10,always,Low,Medium,REMOTE_TROUBLESHOOTING,,PROMISE_REFUND_BEFORE_VERIFICATION,not_applicable,not_applicable,not_applicable,No Escalation,Resolution confirmation,48,,TEC-GDL-20:5
RES-TEC-SET-02,TEC-SET,Thermostat wiring compatibility,20,"{""all"": [{""fact"": ""complaint.product_sku"", ""op"": ""eq"", ""value"": ""LUM-TH-100""}, {""text_matches"": ""\\b(wir(e|es|ing)|c-wire|terminal|compatib)""}]}",Low,Medium,REMOTE_TROUBLESHOOTING,SCHEDULE_TECHNICIAN_VISIT,PROMISE_REFUND_BEFORE_VERIFICATION,not_applicable,not_applicable,not_applicable,No Escalation,Resolution confirmation,48,,TEC-GDL-20:5.1; TEC-GDL-20:7
RES-TEC-SET-03,TEC-SET,Smart lock setup or calibration failure,30,"{""fact"": ""complaint.product_sku"", ""op"": ""eq"", ""value"": ""LUM-LCK-700""}",Medium,Medium,REMOTE_TROUBLESHOOTING,SCHEDULE_TECHNICIAN_VISIT,PROMISE_REFUND_BEFORE_VERIFICATION; REQUEST_SENSITIVE_CREDENTIALS,not_applicable,not_applicable,not_applicable,No Escalation,Resolution confirmation,24,,TEC-GDL-20:5.2
RES-SVC-SUP-01,SVC-SUP,Poor support experience - review interactions,10,always,Low,Low,REVIEW_INTERACTION_RECORDS,,GUARANTEE_COMPENSATION,not_applicable,not_applicable,not_applicable,No Escalation,Resolution confirmation,120,staff_review_business_days,STF-POL-21:3; STF-POL-21:5.1
RES-SVC-SUP-02,SVC-SUP,Support failed to resolve an earlier contact,20,"{""any"": [{""signal"": ""repeat_indicator""}, {""fact"": ""history.prior_same_issue_count"", ""op"": ""gte"", ""value"": 1}]}",Medium,Low,REVIEW_INTERACTION_RECORDS; LINK_PREVIOUS_COMPLAINT,,GUARANTEE_COMPENSATION,not_applicable,not_applicable,not_applicable,No Escalation,Resolution confirmation,72,staff_review_business_days,STF-POL-21:3.1; CHP-POL-01:7.2
RES-SVC-SUP-03,SVC-SUP,Compensation requested for poor support,30,"{""signal"": ""compensation_request""}",Low,Low,REVIEW_INTERACTION_RECORDS,,GUARANTEE_COMPENSATION; CASH_COMPENSATION,not_applicable,not_applicable,"{""max_amount_usd"": ""$param:agent_compensation_limit_usd"", ""status"": ""requires_verification"", ""type"": ""store_credit""}",No Escalation,Resolution confirmation,120,staff_review_business_days,CPN-POL-11:3.1; CPN-POL-11:5.1
RES-SVC-INS-01,SVC-INS,Installation workmanship issue - no-cost re-visit,10,always,Medium,Low,REVIEW_INTERACTION_RECORDS; SCHEDULE_INSTALL_REVISIT,,PROMISE_REFUND_BEFORE_VERIFICATION; GUARANTEE_COMPENSATION,not_eligible,not_applicable,not_applicable,No Escalation,Resolution confirmation,120,install_revisit_business_days,INS-POL-24:5.1
RES-SVC-INS-02,SVC-INS,Re-visit already failed - installation fee refund review,30,"{""any"": [{""fact"": ""history.prior_same_issue_count"", ""op"": ""gte"", ""value"": 1}, {""text_matches"": ""\\b(second|another|re-?)\\s*visit\\b.{0,60}\\b(still|also|again|failed|did\\s+not|didn't)\\b""}]}",Medium,Medium,REVIEW_INTERACTION_RECORDS; ESCALATE_SUPERVISOR,,PROMISE_REFUND_BEFORE_VERIFICATION,requires_verification,not_applicable,not_applicable,Supervisor Review,Resolution confirmation,72,,INS-POL-24:5.2
RES-SVC-INS-03,SVC-INS,Technician late or no-show,20,"{""text_matches"": ""\\b(no[- ]show|did\\s+not\\s+(show|turn)\\s+up|didn't\\s+(show|turn)\\s+up|never\\s+(showed|arrived|came)|(arrived|was)\\s+\\d+\\s+hours?\\s+late|missed\\s+(the|my)\\s+appointment)\\b""}",Medium,Low,REVIEW_INTERACTION_RECORDS; SCHEDULE_INSTALL_REVISIT,,GUARANTEE_COMPENSATION; CASH_COMPENSATION,not_applicable,not_applicable,"{""max_amount_usd"": ""$param:agent_compensation_limit_usd"", ""status"": ""requires_verification"", ""type"": ""store_credit""}",No Escalation,Resolution confirmation,72,install_revisit_business_days,INS-POL-24:3.1; CPN-POL-11:5.1
RES-SVC-OUT-01,SVC-OUT,Service outage - status check,10,always,High,Medium,CHECK_SERVICE_STATUS,,GUARANTEE_COMPENSATION,not_applicable,not_applicable,requires_verification,No Escalation,Resolution confirmation,24,outage_credit_threshold_hours,SUB-POL-22:6.1
RES-SVC-OUT-02,SVC-OUT,Cloud Vault outage over 24 hours - subscription credit,30,"{""fact"": ""complaint.outage_hours"", ""op"": ""gt"", ""value"": ""$param:outage_credit_threshold_hours""}",High,High,CHECK_SERVICE_STATUS; OFFER_SUBSCRIPTION_CREDIT,,GUARANTEE_COMPENSATION; CASH_COMPENSATION,not_applicable,not_applicable,"{""status"": ""eligible"", ""type"": ""subscription_credit""}",No Escalation,Resolution confirmation,24,outage_credit_threshold_hours,SUB-POL-22:6.1; CPN-POL-11:4
RES-SVC-OUT-03,SVC-OUT,Short outage under 24 hours - no credit,20,"{""fact"": ""complaint.outage_hours"", ""op"": ""lte"", ""value"": ""$param:outage_credit_threshold_hours""}",Medium,Medium,CHECK_SERVICE_STATUS,,GUARANTEE_COMPENSATION; OFFER_SUBSCRIPTION_CREDIT,not_applicable,not_applicable,not_eligible,No Escalation,Resolution confirmation,24,outage_credit_threshold_hours,SUB-POL-22:6.1
RES-WAR-CLM-01,WAR-CLM,Warranty claim - verify purchase and coverage,10,always,Medium,Medium,VERIFY_ORDER; VERIFY_WARRANTY_STATUS; REMOTE_TROUBLESHOOTING,,PROMISE_REFUND_BEFORE_VERIFICATION,not_eligible,requires_verification,not_applicable,No Escalation,Request for additional information,24,warranty_decision_business_days,WAR-POL-07:4.1
RES-WAR-CLM-02,WAR-CLM,Warranty claim within coverage,30,"{""fact"": ""eligibility.within_warranty"", ""op"": ""eq"", ""value"": true}",Medium,Medium,VERIFY_ORDER; VERIFY_WARRANTY_STATUS; REMOTE_TROUBLESHOOTING; OPEN_WARRANTY_CLAIM,,PROMISE_REFUND_BEFORE_VERIFICATION,not_eligible,eligible,not_applicable,No Escalation,Resolution confirmation,240,warranty_decision_business_days,WAR-POL-07:3; WAR-POL-07:4.2; WAR-POL-07:4.3
RES-WAR-CLM-03,WAR-CLM,Warranty claim outside coverage,20,"{""fact"": ""eligibility.within_warranty"", ""op"": ""eq"", ""value"": false}",Low,Medium,VERIFY_ORDER; VERIFY_WARRANTY_STATUS,,PROMISE_REFUND_BEFORE_VERIFICATION; GRANT_POLICY_EXCEPTION; SHIP_REPLACEMENT,not_eligible,not_eligible,not_applicable,No Escalation,,,,WAR-POL-07:3.1; WAR-POL-07:3.2
RES-WAR-CLM-04,WAR-CLM,Warranty claim for physical or liquid damage,40,"{""all"": [{""signal"": ""misuse_damage""}, {""fact"": ""customer.is_care_plus"", ""op"": ""eq"", ""value"": false}]}",Low,Medium,VERIFY_WARRANTY_STATUS,VERIFY_CAREPLUS_COVERAGE,PROMISE_REFUND_BEFORE_VERIFICATION; GRANT_POLICY_EXCEPTION; SHIP_REPLACEMENT,not_eligible,not_eligible,not_applicable,No Escalation,,,,WAR-POL-07:5
RES-WAR-DEN-01,WAR-DEN,Warranty denial appeal - supervisor review,10,always,Medium,Medium,VERIFY_WARRANTY_STATUS; REVIEW_WARRANTY_APPEAL; ESCALATE_SUPERVISOR,,PROMISE_REFUND_BEFORE_VERIFICATION; GRANT_POLICY_EXCEPTION,not_eligible,requires_verification,not_applicable,Supervisor Review,Resolution confirmation,240,warranty_decision_business_days; warranty_appeal_window_days,WAR-POL-07:7.1; WAR-POL-07:7.2
RES-WAR-DEN-02,WAR-DEN,Appeal raised after the 30-day appeal window,30,"{""fact"": ""complaint.max_elapsed_days"", ""op"": ""gt"", ""value"": ""$param:warranty_appeal_window_days""}",Low,Medium,VERIFY_WARRANTY_STATUS; ESCALATE_SUPERVISOR,,PROMISE_REFUND_BEFORE_VERIFICATION; GRANT_POLICY_EXCEPTION,not_eligible,not_eligible,not_applicable,Supervisor Review,,,warranty_appeal_window_days,WAR-POL-07:7.1
RES-WAR-DEN-03,WAR-DEN,Care+ member disputing a denial,20,"{""fact"": ""customer.is_care_plus"", ""op"": ""eq"", ""value"": true}",Medium,Medium,VERIFY_CAREPLUS_COVERAGE; REVIEW_WARRANTY_APPEAL; ESCALATE_SUPERVISOR,,PROMISE_REFUND_BEFORE_VERIFICATION,not_eligible,requires_verification,not_applicable,Supervisor Review,Resolution confirmation,240,warranty_decision_business_days,WAR-POL-07:6; WAR-POL-07:7.2
RES-WAR-CPL-01,WAR-CPL,Care+ coverage issue - verify plan,10,always,Medium,Medium,VERIFY_CAREPLUS_COVERAGE,,PROMISE_REFUND_BEFORE_VERIFICATION,not_applicable,requires_verification,not_applicable,No Escalation,Replacement-status update,72,,WAR-POL-07:6
RES-WAR-CPL-02,WAR-CPL,Care+ accidental-damage claim with claims available,30,"{""all"": [{""fact"": ""customer.is_care_plus"", ""op"": ""eq"", ""value"": true}, {""fact"": ""eligibility.careplus_claims_available"", ""op"": ""eq"", ""value"": true}]}",Medium,Medium,VERIFY_CAREPLUS_COVERAGE; SHIP_ADVANCE_REPLACEMENT,,GUARANTEE_COMPENSATION,not_applicable,eligible,not_applicable,No Escalation,Replacement-status update,72,replacement_dispatch_business_days,WAR-POL-07:6.2; WAR-POL-07:6.3; RPL-POL-03:4.3
RES-WAR-CPL-03,WAR-CPL,Care+ claim from a customer without an active plan,20,"{""fact"": ""customer.is_care_plus"", ""op"": ""eq"", ""value"": false}",Low,Medium,VERIFY_CAREPLUS_COVERAGE,VERIFY_WARRANTY_STATUS,PROMISE_REFUND_BEFORE_VERIFICATION; SHIP_ADVANCE_REPLACEMENT; GRANT_POLICY_EXCEPTION,not_applicable,not_eligible,not_applicable,No Escalation,,,,WAR-POL-07:6.1; SUB-POL-22:7
RES-WAR-CPL-04,WAR-CPL,Care+ accidental-damage claim limit reached,40,"{""fact"": ""eligibility.careplus_claims_available"", ""op"": ""eq"", ""value"": false}",Low,Medium,VERIFY_CAREPLUS_COVERAGE,,SHIP_ADVANCE_REPLACEMENT; GRANT_POLICY_EXCEPTION,not_applicable,not_eligible,not_applicable,No Escalation,,,,WAR-POL-07:6.2
RES-PRV-BRC-01,PRV-BRC,"Privacy incident - log, contain, compliance review",10,always,Critical,High,LOG_PRIVACY_INCIDENT; CONTAIN_DATA_EXPOSURE; ESCALATE_COMPLIANCE,,DISCLOSE_OTHER_CUSTOMER_DATA; PROMISE_REGULATORY_OUTCOME; GUARANTEE_COMPENSATION,not_applicable,not_applicable,not_applicable,Compliance Review,Escalation acknowledgement,1,privacy_incident_log_hours; compliance_assessment_hours,PRV-POL-08:7.1; PRV-POL-08:7.2; PRV-POL-08:7.3; PRV-POL-08:7.4
RES-PRV-BRC-02,PRV-BRC,Customer can see another person's data,30,"{""text_matches"": ""\\b(someone\\s+else's|another\\s+(customer|person|family|user)'?s?|other\\s+(people's|customers'|users'))\\b""}",Critical,High,LOG_PRIVACY_INCIDENT; CONTAIN_DATA_EXPOSURE; REVIEW_ACCOUNT_ACTIVITY; ESCALATE_COMPLIANCE,,DISCLOSE_OTHER_CUSTOMER_DATA; PROMISE_REGULATORY_OUTCOME,not_applicable,not_applicable,not_applicable,Compliance Review,Escalation acknowledgement,1,privacy_incident_log_hours; compliance_assessment_hours,PRV-POL-08:7.1; PRV-POL-08:7.4; PRV-POL-08:8
RES-PRV-BRC-03,PRV-BRC,Camera footage exposure,40,"{""text_matches"": ""\\b(camera|footage|recordings?|video|feed|live\\s+view)\\b""}",Critical,High,LOG_PRIVACY_INCIDENT; CONTAIN_DATA_EXPOSURE; REVOKE_SESSIONS; ESCALATE_COMPLIANCE,,DISCLOSE_OTHER_CUSTOMER_DATA; PROMISE_REGULATORY_OUTCOME,not_applicable,not_applicable,not_applicable,Compliance Review,Escalation acknowledgement,1,privacy_incident_log_hours; compliance_assessment_hours,PRV-POL-08:6.1; PRV-POL-08:7.4
RES-PRV-CON-01,PRV-CON,Marketing consent - apply opt-out,10,always,Medium,Medium,VERIFY_ACCOUNT; UPDATE_CONSENT_PREFERENCES,,PROMISE_REGULATORY_OUTCOME,not_applicable,not_applicable,not_applicable,No Escalation,Resolution confirmation,240,marketing_optout_business_days,PRV-POL-08:5.1; PRV-POL-08:5.2
RES-PRV-CON-02,PRV-CON,Marketing received after the opt-out period,30,"{""all"": [{""signal"": ""consent_violation""}, {""fact"": ""complaint.max_elapsed_days"", ""op"": ""gt"", ""value"": 14}]}",Medium,Medium,VERIFY_ACCOUNT; UPDATE_CONSENT_PREFERENCES; LOG_PRIVACY_INCIDENT,,PROMISE_REGULATORY_OUTCOME,not_applicable,not_applicable,not_applicable,No Escalation,Resolution confirmation,120,marketing_optout_business_days,PRV-POL-08:5.2
RES-PRV-CON-03,PRV-CON,Personal data shared or sold without consent,40,"{""text_matches"": ""\\b(sold|selling|shared|sharing|passed|gave)\\b.{0,40}\\b(data|information|details|email|number)\\b|\\bthird[- ]part(y|ies)\\b""}",High,High,LOG_PRIVACY_INCIDENT; UPDATE_CONSENT_PREFERENCES; ESCALATE_COMPLIANCE,,PROMISE_REGULATORY_OUTCOME; DISCLOSE_OTHER_CUSTOMER_DATA,not_applicable,not_applicable,not_applicable,Compliance Review,Escalation acknowledgement,4,privacy_incident_log_hours; compliance_assessment_hours,PRV-POL-08:5.3; ESC-SOP-12:4.3
RES-PRV-DSR-01,PRV-DSR,Data-rights request - verify identity and fulfil,10,always,Medium,Medium,VERIFY_IDENTITY; PROCESS_DATA_REQUEST,,REQUEST_SENSITIVE_CREDENTIALS; PROMISE_REGULATORY_OUTCOME,not_applicable,not_applicable,not_applicable,No Escalation,Resolution confirmation,720,dsar_fulfilment_days,PRV-POL-08:4.1; PRV-POL-08:4.2
RES-PRV-DSR-02,PRV-DSR,Overdue data-rights request,30,"{""fact"": ""complaint.max_elapsed_days"", ""op"": ""gt"", ""value"": ""$param:dsar_fulfilment_days""}",High,Medium,VERIFY_IDENTITY; PROCESS_DATA_REQUEST; ESCALATE_COMPLIANCE,,REQUEST_SENSITIVE_CREDENTIALS; PROMISE_REGULATORY_OUTCOME,not_applicable,not_applicable,not_applicable,Compliance Review,Escalation acknowledgement,4,dsar_fulfilment_days,PRV-POL-08:4.3; ESC-SOP-12:4.3
RES-SAF-OVH-01,SAF-OVH,"Overheating hazard - stop use, log, specialist team",10,always,Critical,High,ADVISE_STOP_USING; LOG_SAFETY_INCIDENT; NOTIFY_PRODUCT_SAFETY; ESCALATE_SPECIALIST_TEAM,,DISMISS_SAFETY_CONCERN; ADMIT_LIABILITY; SHIP_DAMAGED_BATTERY_BY_MAIL; GUARANTEE_COMPENSATION,requires_verification,requires_verification,not_applicable,Specialist Team,Escalation acknowledgement,1,safety_incident_log_hours,SAF-POL-10:4.1; SAF-POL-10:4.2; SAF-POL-10:4.3; SAF-POL-10:4.4; SAF-POL-10:6
RES-SAF-OVH-02,SAF-OVH,Fire or smoke - critical management escalation,30,"{""signal"": ""fire_event""}",Critical,High,ADVISE_STOP_USING; LOG_SAFETY_INCIDENT; NOTIFY_PRODUCT_SAFETY; ESCALATE_CRITICAL_MANAGEMENT,,DISMISS_SAFETY_CONCERN; ADMIT_LIABILITY; SHIP_DAMAGED_BATTERY_BY_MAIL; GUARANTEE_COMPENSATION,requires_verification,requires_verification,not_applicable,Critical Management Escalation,Escalation acknowledgement,1,safety_incident_log_hours,SAF-POL-10:4.4; ESC-SOP-12:4.1
RES-SAF-OVH-03,SAF-OVH,Overheating lithium-battery product - specialist collection,20,"{""fact"": ""order.is_hazardous"", ""op"": ""eq"", ""value"": true}",Critical,High,ADVISE_STOP_USING; LOG_SAFETY_INCIDENT; NOTIFY_PRODUCT_SAFETY; ARRANGE_SPECIALIST_COLLECTION; ESCALATE_SPECIALIST_TEAM,,DISMISS_SAFETY_CONCERN; ADMIT_LIABILITY; SHIP_DAMAGED_BATTERY_BY_MAIL; ISSUE_RETURN_LABEL,requires_verification,requires_verification,not_applicable,Specialist Team,Escalation acknowledgement,1,safety_incident_log_hours,SAF-POL-10:5.1; SAF-POL-10:5.2; RPL-POL-03:6.1
RES-SAF-OVH-04,SAF-OVH,Overheating with injury or a child involved,40,"{""any_signal"": [""injury"", ""child_involved""]}",Critical,High,ADVISE_STOP_USING; LOG_SAFETY_INCIDENT; NOTIFY_PRODUCT_SAFETY; ESCALATE_CRITICAL_MANAGEMENT,,DISMISS_SAFETY_CONCERN; ADMIT_LIABILITY; SHIP_DAMAGED_BATTERY_BY_MAIL; PROMISE_REGULATORY_OUTCOME,requires_verification,requires_verification,not_applicable,Critical Management Escalation,Escalation acknowledgement,1,safety_incident_log_hours,SAF-POL-10:4.4; SAF-POL-10:7.3
RES-SAF-ELC-01,SAF-ELC,"Electrical hazard - stop use, log, specialist team",10,always,Critical,High,ADVISE_STOP_USING; LOG_SAFETY_INCIDENT; NOTIFY_PRODUCT_SAFETY; ESCALATE_SPECIALIST_TEAM,,DISMISS_SAFETY_CONCERN; ADMIT_LIABILITY; GUARANTEE_COMPENSATION,requires_verification,requires_verification,not_applicable,Specialist Team,Escalation acknowledgement,1,safety_incident_log_hours,SAF-POL-10:4.1; SAF-POL-10:4.2; SAF-POL-10:4.4
RES-SAF-ELC-02,SAF-ELC,Electrical hazard with injury or a child involved,30,"{""any_signal"": [""injury"", ""child_involved""]}",Critical,High,ADVISE_STOP_USING; LOG_SAFETY_INCIDENT; NOTIFY_PRODUCT_SAFETY; ESCALATE_CRITICAL_MANAGEMENT,,DISMISS_SAFETY_CONCERN; ADMIT_LIABILITY; PROMISE_REGULATORY_OUTCOME,requires_verification,requires_verification,not_applicable,Critical Management Escalation,Escalation acknowledgement,1,safety_incident_log_hours,SAF-POL-10:4.4; SAF-POL-10:7.3
RES-SAF-ELC-03,SAF-ELC,Electrical fault with fire or smoke,20,"{""signal"": ""fire_event""}",Critical,High,ADVISE_STOP_USING; LOG_SAFETY_INCIDENT; NOTIFY_PRODUCT_SAFETY; ESCALATE_CRITICAL_MANAGEMENT,,DISMISS_SAFETY_CONCERN; ADMIT_LIABILITY,requires_verification,requires_verification,not_applicable,Critical Management Escalation,Escalation acknowledgement,1,safety_incident_log_hours,SAF-POL-10:4.4; ESC-SOP-12:4.1
RES-SAF-INJ-01,SAF-INJ,Injury incident - critical management escalation,10,always,Critical,High,ADVISE_STOP_USING; LOG_SAFETY_INCIDENT; NOTIFY_PRODUCT_SAFETY; ESCALATE_CRITICAL_MANAGEMENT,,DISMISS_SAFETY_CONCERN; ADMIT_LIABILITY; PROMISE_REGULATORY_OUTCOME; GUARANTEE_COMPENSATION,requires_verification,requires_verification,not_applicable,Critical Management Escalation,Escalation acknowledgement,1,safety_incident_log_hours,SAF-POL-10:4.4; SAF-POL-10:7.1; SAF-POL-10:7.3
RES-SAF-INJ-02,SAF-INJ,Injury involving a child,30,"{""signal"": ""child_involved""}",Critical,High,ADVISE_STOP_USING; LOG_SAFETY_INCIDENT; NOTIFY_PRODUCT_SAFETY; ESCALATE_CRITICAL_MANAGEMENT,,DISMISS_SAFETY_CONCERN; ADMIT_LIABILITY; PROMISE_REGULATORY_OUTCOME,requires_verification,requires_verification,not_applicable,Critical Management Escalation,Escalation acknowledgement,1,safety_incident_log_hours,SAF-POL-10:4.4; ESC-SOP-12:4.1
RES-SAF-INJ-03,SAF-INJ,Injury with a legal threat,20,"{""signal"": ""legal_threat""}",Critical,High,ADVISE_STOP_USING; LOG_SAFETY_INCIDENT; NOTIFY_PRODUCT_SAFETY; ESCALATE_CRITICAL_MANAGEMENT; ESCALATE_COMPLIANCE,,DISMISS_SAFETY_CONCERN; ADMIT_LIABILITY; PROMISE_REGULATORY_OUTCOME; GUARANTEE_COMPENSATION,requires_verification,requires_verification,not_applicable,Critical Management Escalation,Escalation acknowledgement,1,safety_incident_log_hours,SAF-POL-10:7.1; CMP-GDL-19:3.1; CMP-GDL-19:3.2
RES-STF-RUD-01,STF-RUD,Rude staff - review and inform manager,10,always,Low,Low,REVIEW_INTERACTION_RECORDS; NOTIFY_STAFF_MANAGER,,GUARANTEE_COMPENSATION,not_applicable,not_applicable,not_applicable,No Escalation,Resolution confirmation,120,staff_review_business_days,STF-POL-21:5.1; STF-POL-21:5.2
RES-STF-RUD-02,STF-RUD,Staff harassment or discrimination,30,"{""signal"": ""staff_harassment""}",High,Medium,REVIEW_INTERACTION_RECORDS; ESCALATE_COMPLIANCE,,GUARANTEE_COMPENSATION; PROMISE_REGULATORY_OUTCOME,not_applicable,not_applicable,not_applicable,Compliance Review,Escalation acknowledgement,4,staff_review_business_days,STF-POL-21:6; CMP-GDL-19:6
RES-STF-RUD-03,STF-RUD,Compensation requested after a staff complaint,20,"{""signal"": ""compensation_request""}",Low,Low,REVIEW_INTERACTION_RECORDS; NOTIFY_STAFF_MANAGER,,GUARANTEE_COMPENSATION; CASH_COMPENSATION,not_applicable,not_applicable,"{""max_amount_usd"": ""$param:agent_compensation_limit_usd"", ""status"": ""requires_verification"", ""type"": ""store_credit""}",No Escalation,Resolution confirmation,120,staff_review_business_days,STF-POL-21:5.1; CPN-POL-11:3.1
RES-STF-MIS-01,STF-MIS,Technician misconduct - department manager review,10,always,High,Medium,REVIEW_INTERACTION_RECORDS; NOTIFY_STAFF_MANAGER; ESCALATE_DEPARTMENT_MANAGER,,GUARANTEE_COMPENSATION; ADMIT_LIABILITY,not_applicable,not_applicable,not_applicable,Department Manager,Escalation acknowledgement,4,staff_review_business_days,STF-POL-21:6; ESC-SOP-12:4.10
RES-STF-MIS-02,STF-MIS,Technician-caused property damage,30,"{""signal"": ""technician_damage_theft""}",High,Medium,REVIEW_INTERACTION_RECORDS; INVESTIGATE_PROPERTY_DAMAGE; ESCALATE_DEPARTMENT_MANAGER,,GUARANTEE_COMPENSATION; ADMIT_LIABILITY; CASH_COMPENSATION,not_applicable,not_applicable,requires_verification,Department Manager,Resolution confirmation,120,technician_damage_investigation_business_days,INS-POL-24:6.1; INS-POL-24:6.2
RES-STF-MIS-03,STF-MIS,Technician harassment or threats,40,"{""signal"": ""staff_harassment""}",High,Medium,REVIEW_INTERACTION_RECORDS; ESCALATE_COMPLIANCE,,GUARANTEE_COMPENSATION; ADMIT_LIABILITY; PROMISE_REGULATORY_OUTCOME,not_applicable,not_applicable,not_applicable,Compliance Review,Escalation acknowledgement,4,,STF-POL-21:6; ESC-SOP-12:4.10
RES-STF-MIN-01,STF-MIN,Misinformation by staff - correct the information,10,always,Medium,Low,REVIEW_INTERACTION_RECORDS; CORRECT_MISINFORMATION,,GRANT_POLICY_EXCEPTION; GUARANTEE_COMPENSATION,not_applicable,not_applicable,not_applicable,No Escalation,Resolution confirmation,120,staff_review_business_days,STF-POL-21:4.1; STF-POL-21:4.2
RES-STF-MIN-02,STF-MIN,Staff commitment outside policy - supervisor review,30,"{""text_matches"": ""\\b(promised|assured|guaranteed|told\\s+me\\s+(i|we)\\s+would|said\\s+(i|we)\\s+would)\\b""}",Medium,Medium,REVIEW_INTERACTION_RECORDS; CORRECT_MISINFORMATION; ESCALATE_SUPERVISOR,,GRANT_POLICY_EXCEPTION; PROMISE_REFUND_BEFORE_VERIFICATION; GUARANTEE_COMPENSATION,requires_verification,not_applicable,requires_verification,Supervisor Review,Resolution confirmation,72,staff_review_business_days,STF-POL-21:4.2; ESC-SOP-12:4.9
RES-STF-MIN-03,STF-MIN,Misinformation that caused a financial loss,20,"{""fact"": ""complaint.max_amount"", ""op"": ""gt"", ""value"": 0}",Medium,Medium,REVIEW_INTERACTION_RECORDS; CORRECT_MISINFORMATION; CHECK_TRANSACTION,,GRANT_POLICY_EXCEPTION; PROMISE_REFUND_BEFORE_VERIFICATION,requires_verification,not_applicable,not_applicable,No Escalation,Resolution confirmation,120,staff_review_business_days,STF-POL-21:4.2
