rule_id,type,subcategory_or_condition,primary_department,supporting_departments,policy_refs
RTE-001,routing,PRD-DOA,DEPT-RET,DEPT-LOG,RTE-RUL-14:3; RPL-POL-03:3.1
RTE-002,routing,PRD-MAL,DEPT-TEC,,RTE-RUL-14:3; TEC-GDL-20:2
RTE-003,routing,PRD-MIS,DEPT-LOG,,RTE-RUL-14:3; RPL-POL-03:5.2
RTE-004,routing,BIL-DUP,DEPT-BIL,,RTE-RUL-14:3; BIL-POL-05:4.1
RTE-005,routing,BIL-INC,DEPT-BIL,,RTE-RUL-14:3; BIL-POL-05:4.2
RTE-006,routing,BIL-RFM,DEPT-BIL,DEPT-RET,RTE-RUL-14:3; BIL-POL-05:6.1
RTE-007,routing,BIL-SUB,DEPT-BIL,,RTE-RUL-14:3; SUB-POL-22:4
RTE-008,routing,BIL-CAN,DEPT-BIL,,RTE-RUL-14:3; CAN-POL-06:5.1
RTE-009,routing,DEL-DLY,DEPT-LOG,,RTE-RUL-14:3; DEL-POL-04:5.1
RTE-010,routing,DEL-LST,DEPT-LOG,,RTE-RUL-14:3; DEL-POL-04:6.1
RTE-011,routing,DEL-WRG,DEPT-LOG,DEPT-RET,RTE-RUL-14:3; RPL-POL-03:5.1
RTE-012,routing,REF-REQ,DEPT-RET,,RTE-RUL-14:3; REF-POL-02:3.1
RTE-013,routing,REF-DLY,DEPT-RET,DEPT-BIL,RTE-RUL-14:3; REF-POL-02:5.1
RTE-014,routing,REF-PAR,DEPT-RET,,RTE-RUL-14:3; REF-POL-02:6.1
RTE-015,routing,ACC-LGN,DEPT-SEC,,RTE-RUL-14:3; SEC-POL-09:7.1
RTE-016,routing,ACC-UNA,DEPT-SEC,,RTE-RUL-14:3; SEC-POL-09:4.1
RTE-017,routing,ACC-UPD,DEPT-TEC,,RTE-RUL-14:3
RTE-018,routing,TEC-CON,DEPT-TEC,,RTE-RUL-14:3; TEC-GDL-20:3
RTE-019,routing,TEC-APP,DEPT-TEC,,RTE-RUL-14:3; TEC-GDL-20:4
RTE-020,routing,TEC-SET,DEPT-TEC,,RTE-RUL-14:3; TEC-GDL-20:5
RTE-021,routing,SVC-SUP,DEPT-CRL,,RTE-RUL-14:3; STF-POL-21:3
RTE-022,routing,SVC-INS,DEPT-CRL,DEPT-TEC,RTE-RUL-14:3; INS-POL-24:5.1
RTE-023,routing,SVC-OUT,DEPT-TEC,DEPT-BIL,RTE-RUL-14:3; SUB-POL-22:6.1
RTE-024,routing,WAR-CLM,DEPT-WAR,,RTE-RUL-14:3; WAR-POL-07:4.1
RTE-025,routing,WAR-DEN,DEPT-WAR,,RTE-RUL-14:3; WAR-POL-07:7.1
RTE-026,routing,WAR-CPL,DEPT-WAR,,RTE-RUL-14:3; WAR-POL-07:6
RTE-027,routing,PRV-BRC,DEPT-CMP,DEPT-SEC,RTE-RUL-14:3; PRV-POL-08:7.1
RTE-028,routing,PRV-CON,DEPT-CMP,,RTE-RUL-14:3; PRV-POL-08:5.2
RTE-029,routing,PRV-DSR,DEPT-CMP,,RTE-RUL-14:3; PRV-POL-08:4.2
RTE-030,routing,SAF-OVH,DEPT-SAF,,RTE-RUL-14:3; SAF-POL-10:4
RTE-031,routing,SAF-ELC,DEPT-SAF,,RTE-RUL-14:3; SAF-POL-10:4
RTE-032,routing,SAF-INJ,DEPT-SAF,DEPT-CMP,RTE-RUL-14:3; SAF-POL-10:7.3
RTE-033,routing,STF-RUD,DEPT-CRL,,RTE-RUL-14:3; STF-POL-21:5.1
RTE-034,routing,STF-MIS,DEPT-CRL,DEPT-MGT,RTE-RUL-14:3; STF-POL-21:6
RTE-035,routing,STF-MIN,DEPT-CRL,,RTE-RUL-14:3; STF-POL-21:4.2
RTE-101,conditional,"{""signal"": ""privacy_breach""}",,DEPT-CMP,RTE-RUL-14:4.2
RTE-102,conditional,"{""signal"": ""legal_threat""}",,DEPT-CMP,RTE-RUL-14:4.2
RTE-103,conditional,"{""signal"": ""security_breach""}",,DEPT-SEC,RTE-RUL-14:4.4
RTE-104,conditional,"{""escalation_level_at_least"": ""Critical Management Escalation""}",,DEPT-MGT,RTE-RUL-14:4.3
RTE-105,conditional,"{""any_signal"": [""fire_event"", ""overheating"", ""electrical_hazard"", ""injury""]}",,DEPT-SAF,RTE-RUL-14:4
RTE-106,conditional,"{""secondary_issues"": true}",,$secondary_primary_departments,RTE-RUL-14:4.1
