field,type,required,enum_values,description
schema_version,string,yes,0,
complaint_id,string,yes,0,
summary,string,yes,0,
key_facts,array,yes,0,
primary_issue,object,yes,0,
secondary_issues,array,yes,0,
issue_category,string,yes,0,
subcategory,string,yes,0,
sentiment,string,yes,4,
emotion_indicators,array,yes,0,
urgency,string,yes,4,
urgency_rationale,string,yes,0,
impact,string,yes,3,
priority,string,yes,4,
entities,array,yes,0,
department,string,yes,0,
supporting_departments,array,yes,0,
policy_references,array,yes,0,
policy_id,object,yes,0,
policy_section,object,yes,0,
resolution_steps,array,yes,0,
refund_eligibility,object,yes,0,
replacement_eligibility,object,yes,0,
compensation_eligibility,object,yes,0,
escalation_required,boolean,yes,0,
escalation_level,string,yes,6,
escalation_reason,object,yes,0,
escalation_notes,object,yes,0,
response_type,string,yes,0,
follow_up_required,boolean,yes,0,
follow_up_type,object,yes,0,
missing_information,array,yes,0,
clarification_questions,array,yes,0,
agent_guidance,array,yes,0,
claims,array,yes,0,
manipulation_detected,boolean,yes,0,
manipulation_notes,object,yes,0,
